match_id,fecha,fase,oponente,periodo,minuto,segundo,equipo,jugador_id,jugador_nombre,receptor_id,receptor_nombre,resultado,longitud_pase,inicio_x,inicio_y,fin_x,fin_y
3857269,2022-11-28,Group Stage,Switzerland,1,0,17,Brazil,4372,Marcos Aoás Corrêa,18395.0,Vinícius José Paixão de Oliveira Júnior,Complete,20.80625,45.8,55.0,54.5,36.1
3857269,2022-11-28,Group Stage,Switzerland,1,0,32,Brazil,5539,Carlos Henrique Casimiro,22600.0,Lucas Tolentino Coelho de Lima,Complete,8.646965,70.3,28.0,69.4,19.4
3857269,2022-11-28,Group Stage,Switzerland,1,0,34,Brazil,22600,Lucas Tolentino Coelho de Lima,6945.0,Alex Sandro Lobo Silva,Complete,16.572266,69.4,19.4,74.4,3.6
3857269,2022-11-28,Group Stage,Switzerland,1,0,35,Brazil,6945,Alex Sandro Lobo Silva,22600.0,Lucas Tolentino Coelho de Lima,Complete,7.1021123,74.4,3.6,68.4,7.4
3857269,2022-11-28,Group Stage,Switzerland,1,0,37,Brazil,22600,Lucas Tolentino Coelho de Lima,3295.0,Thiago Emiliano da Silva,Complete,25.051147,69.8,12.2,44.8,13.8
3857269,2022-11-28,Group Stage,Switzerland,1,0,40,Brazil,3295,Thiago Emiliano da Silva,4372.0,Marcos Aoás Corrêa,Complete,28.9,45.3,14.1,45.3,43.0
3857269,2022-11-28,Group Stage,Switzerland,1,0,44,Brazil,4372,Marcos Aoás Corrêa,13620.0,Éder Gabriel Militão,Complete,21.843306,52.0,56.5,39.2,74.2
3857269,2022-11-28,Group Stage,Switzerland,1,0,47,Brazil,13620,Éder Gabriel Militão,5547.0,Alisson Ramsés Becker,Complete,30.31996,33.3,72.2,10.6,52.1
3857269,2022-11-28,Group Stage,Switzerland,1,0,51,Brazil,5547,Alisson Ramsés Becker,3295.0,Thiago Emiliano da Silva,Complete,22.769497,10.6,48.8,20.3,28.2
3857269,2022-11-28,Group Stage,Switzerland,1,0,57,Brazil,3295,Thiago Emiliano da Silva,18395.0,Vinícius José Paixão de Oliveira Júnior,Complete,64.00945,27.2,27.5,86.7,3.9
3857269,2022-11-28,Group Stage,Switzerland,1,1,8,Brazil,6945,Alex Sandro Lobo Silva,3295.0,Thiago Emiliano da Silva,Complete,8.221922,85.3,0.1,84.7,8.3
3857269,2022-11-28,Group Stage,Switzerland,1,1,16,Brazil,3295,Thiago Emiliano da Silva,4372.0,Marcos Aoás Corrêa,Complete,24.983995,54.5,22.9,46.9,46.7
3857269,2022-11-28,Group Stage,Switzerland,1,1,19,Brazil,4372,Marcos Aoás Corrêa,13620.0,Éder Gabriel Militão,Complete,14.141075,46.7,47.2,44.1,61.1
3857269,2022-11-28,Group Stage,Switzerland,1,1,21,Brazil,13620,Éder Gabriel Militão,9904.0,Frederico Rodrigues Santos,Out,43.372112,41.4,77.5,84.7,80.0
3857269,2022-11-28,Group Stage,Switzerland,1,2,2,Brazil,6945,Alex Sandro Lobo Silva,18395.0,Vinícius José Paixão de Oliveira Júnior,Complete,23.307724,62.6,27.0,76.1,8.0
3857269,2022-11-28,Group Stage,Switzerland,1,2,55,Brazil,10595,Raphael Dias Belloli,3280.0,Richarlison de Andrade,Complete,22.810743,109.9,7.3,109.2,30.1
3857269,2022-11-28,Group Stage,Switzerland,1,2,56,Brazil,3280,Richarlison de Andrade,,,Out,49.43359,108.5,30.8,113.3,80.0
3857269,2022-11-28,Group Stage,Switzerland,1,3,23,Brazil,13620,Éder Gabriel Militão,,,Out,38.40677,82.2,64.5,120.0,71.3
3857269,2022-11-28,Group Stage,Switzerland,1,3,45,Brazil,13620,Éder Gabriel Militão,,,Incomplete,21.49814,65.2,64.6,83.3,53.0
3857269,2022-11-28,Group Stage,Switzerland,1,3,49,Brazil,22600,Lucas Tolentino Coelho de Lima,10595.0,Raphael Dias Belloli,Incomplete,15.3482895,84.9,42.1,95.5,53.2
3857269,2022-11-28,Group Stage,Switzerland,1,3,53,Brazil,4372,Marcos Aoás Corrêa,5539.0,Carlos Henrique Casimiro,Unknown,5.748913,62.7,53.0,67.1,49.3
3857269,2022-11-28,Group Stage,Switzerland,1,4,42,Brazil,4372,Marcos Aoás Corrêa,5547.0,Alisson Ramsés Becker,Complete,20.771374,6.9,68.9,2.5,48.6
3857269,2022-11-28,Group Stage,Switzerland,1,4,44,Brazil,5547,Alisson Ramsés Becker,13620.0,Éder Gabriel Militão,Incomplete,12.640016,6.5,47.2,12.9,58.1
3857269,2022-11-28,Group Stage,Switzerland,1,4,46,Brazil,5539,Carlos Henrique Casimiro,10595.0,Raphael Dias Belloli,Complete,25.274492,10.8,52.5,27.0,71.9
3857269,2022-11-28,Group Stage,Switzerland,1,4,49,Brazil,10595,Raphael Dias Belloli,9904.0,Frederico Rodrigues Santos,Complete,8.605231,25.8,71.7,26.1,63.1
3857269,2022-11-28,Group Stage,Switzerland,1,4,50,Brazil,9904,Frederico Rodrigues Santos,13620.0,Éder Gabriel Militão,Out,19.89623,26.1,63.1,15.6,80.0
3857269,2022-11-28,Group Stage,Switzerland,1,5,57,Brazil,5547,Alisson Ramsés Becker,6945.0,Alex Sandro Lobo Silva,Complete,33.365402,6.0,44.0,17.0,12.5
3857269,2022-11-28,Group Stage,Switzerland,1,6,3,Brazil,6945,Alex Sandro Lobo Silva,3295.0,Thiago Emiliano da Silva,Complete,18.927494,23.7,11.8,11.3,26.1
3857269,2022-11-28,Group Stage,Switzerland,1,6,6,Brazil,3295,Thiago Emiliano da Silva,4372.0,Marcos Aoás Corrêa,Complete,28.063143,15.9,25.2,22.4,52.5
3857269,2022-11-28,Group Stage,Switzerland,1,6,9,Brazil,4372,Marcos Aoás Corrêa,3295.0,Thiago Emiliano da Silva,Complete,31.930706,23.3,53.6,24.7,21.7
3857269,2022-11-28,Group Stage,Switzerland,1,6,13,Brazil,3295,Thiago Emiliano da Silva,6945.0,Alex Sandro Lobo Silva,Complete,17.681911,29.6,17.8,38.8,2.7
3857269,2022-11-28,Group Stage,Switzerland,1,6,15,Brazil,6945,Alex Sandro Lobo Silva,22600.0,Lucas Tolentino Coelho de Lima,Complete,9.64002,39.7,5.0,47.4,10.8
3857269,2022-11-28,Group Stage,Switzerland,1,6,16,Brazil,22600,Lucas Tolentino Coelho de Lima,3295.0,Thiago Emiliano da Silva,Complete,16.058954,47.4,10.8,31.9,15.0
3857269,2022-11-28,Group Stage,Switzerland,1,6,20,Brazil,3295,Thiago Emiliano da Silva,4372.0,Marcos Aoás Corrêa,Complete,16.012495,34.2,19.1,31.6,34.9
3857269,2022-11-28,Group Stage,Switzerland,1,6,23,Brazil,4372,Marcos Aoás Corrêa,3295.0,Thiago Emiliano da Silva,Complete,16.67693,33.3,38.2,39.7,22.8
3857269,2022-11-28,Group Stage,Switzerland,1,6,26,Brazil,3295,Thiago Emiliano da Silva,22600.0,Lucas Tolentino Coelho de Lima,Complete,14.946571,46.2,18.4,60.8,15.2
3857269,2022-11-28,Group Stage,Switzerland,1,6,28,Brazil,22600,Lucas Tolentino Coelho de Lima,5539.0,Carlos Henrique Casimiro,Complete,8.883693,62.6,15.7,55.0,20.3
3857269,2022-11-28,Group Stage,Switzerland,1,6,28,Brazil,5539,Carlos Henrique Casimiro,18395.0,Vinícius José Paixão de Oliveira Júnior,Complete,27.048475,55.0,20.3,75.1,2.2
3857269,2022-11-28,Group Stage,Switzerland,1,6,32,Brazil,18395,Vinícius José Paixão de Oliveira Júnior,6945.0,Alex Sandro Lobo Silva,Complete,11.907981,75.1,2.2,63.3,0.6
3857269,2022-11-28,Group Stage,Switzerland,1,6,33,Brazil,6945,Alex Sandro Lobo Silva,22600.0,Lucas Tolentino Coelho de Lima,Complete,7.0,65.2,2.7,69.4,8.3
3857269,2022-11-28,Group Stage,Switzerland,1,6,35,Brazil,22600,Lucas Tolentino Coelho de Lima,6945.0,Alex Sandro Lobo Silva,Incomplete,5.879626,69.4,8.3,73.3,3.9
3857269,2022-11-28,Group Stage,Switzerland,1,6,46,Brazil,6945,Alex Sandro Lobo Silva,22600.0,Lucas Tolentino Coelho de Lima,Complete,5.8549123,72.2,0.1,71.4,5.9
3857269,2022-11-28,Group Stage,Switzerland,1,6,48,Brazil,22600,Lucas Tolentino Coelho de Lima,18395.0,Vinícius José Paixão de Oliveira Júnior,Complete,4.3,69.8,4.4,69.8,0.1
3857269,2022-11-28,Group Stage,Switzerland,1,6,50,Brazil,18395,Vinícius José Paixão de Oliveira Júnior,6945.0,Alex Sandro Lobo Silva,Complete,1.8681542,68.4,4.1,66.6,4.6
3857269,2022-11-28,Group Stage,Switzerland,1,6,52,Brazil,6945,Alex Sandro Lobo Silva,3295.0,Thiago Emiliano da Silva,Complete,14.008925,56.9,5.0,42.9,5.5
3857269,2022-11-28,Group Stage,Switzerland,1,6,55,Brazil,3295,Thiago Emiliano da Silva,4372.0,Marcos Aoás Corrêa,Complete,24.140629,45.5,13.1,44.1,37.2
3857269,2022-11-28,Group Stage,Switzerland,1,6,59,Brazil,4372,Marcos Aoás Corrêa,3295.0,Thiago Emiliano da Silva,Complete,19.57243,45.0,40.2,48.8,21.0
3857269,2022-11-28,Group Stage,Switzerland,1,7,3,Brazil,3295,Thiago Emiliano da Silva,13620.0,Éder Gabriel Militão,Complete,40.58485,51.3,21.0,56.1,61.3
3857269,2022-11-28,Group Stage,Switzerland,1,7,7,Brazil,13620,Éder Gabriel Militão,3280.0,Richarlison de Andrade,Incomplete,27.63277,63.6,62.2,86.2,46.3
3857269,2022-11-28,Group Stage,Switzerland,1,7,25,Brazil,5539,Carlos Henrique Casimiro,18395.0,Vinícius José Paixão de Oliveira Júnior,Out,13.170042,68.9,5.3,81.0,0.1
3857269,2022-11-28,Group Stage,Switzerland,1,8,8,Brazil,9904,Frederico Rodrigues Santos,10595.0,Raphael Dias Belloli,Complete,17.967192,24.7,55.5,18.6,72.4
3857269,2022-11-28,Group Stage,Switzerland,1,8,9,Brazil,10595,Raphael Dias Belloli,3280.0,Richarlison de Andrade,Incomplete,23.547611,19.1,72.4,38.6,59.2
3857269,2022-11-28,Group Stage,Switzerland,1,9,19,Brazil,5539,Carlos Henrique Casimiro,6945.0,Alex Sandro Lobo Silva,Complete,5.2801514,75.6,7.8,72.4,3.6
3857269,2022-11-28,Group Stage,Switzerland,1,9,20,Brazil,6945,Alex Sandro Lobo Silva,4372.0,Marcos Aoás Corrêa,Complete,25.356853,69.4,2.5,45.0,9.4
3857269,2022-11-28,Group Stage,Switzerland,1,9,24,Brazil,4372,Marcos Aoás Corrêa,3295.0,Thiago Emiliano da Silva,Complete,23.829603,42.5,17.1,39.2,40.7
3857269,2022-11-28,Group Stage,Switzerland,1,9,28,Brazil,3295,Thiago Emiliano da Silva,4372.0,Marcos Aoás Corrêa,Complete,22.10362,42.5,46.3,42.9,24.2
3857269,2022-11-28,Group Stage,Switzerland,1,9,32,Brazil,4372,Marcos Aoás Corrêa,22600.0,Lucas Tolentino Coelho de Lima,Complete,17.72597,47.8,19.4,63.3,10.8
3857269,2022-11-28,Group Stage,Switzerland,1,9,39,Brazil,6945,Alex Sandro Lobo Silva,22600.0,Lucas Tolentino Coelho de Lima,Complete,7.4094534,57.8,0.1,53.9,6.4
3857269,2022-11-28,Group Stage,Switzerland,1,9,40,Brazil,22600,Lucas Tolentino Coelho de Lima,6945.0,Alex Sandro Lobo Silva,Complete,6.0166435,53.9,6.9,56.1,1.3
3857269,2022-11-28,Group Stage,Switzerland,1,9,41,Brazil,6945,Alex Sandro Lobo Silva,22600.0,Lucas Tolentino Coelho de Lima,Complete,5.322593,56.1,1.3,51.3,3.6
3857269,2022-11-28,Group Stage,Switzerland,1,9,43,Brazil,22600,Lucas Tolentino Coelho de Lima,4372.0,Marcos Aoás Corrêa,Complete,15.462535,50.6,4.4,41.1,16.6
3857269,2022-11-28,Group Stage,Switzerland,1,9,47,Brazil,4372,Marcos Aoás Corrêa,3295.0,Thiago Emiliano da Silva,Complete,21.273458,47.8,25.0,44.4,46.0
3857269,2022-11-28,Group Stage,Switzerland,1,9,50,Brazil,3295,Thiago Emiliano da Silva,4372.0,Marcos Aoás Corrêa,Complete,22.2,45.3,49.2,45.3,27.0
3857269,2022-11-28,Group Stage,Switzerland,1,9,54,Brazil,4372,Marcos Aoás Corrêa,3295.0,Thiago Emiliano da Silva,Complete,15.84929,45.3,27.0,42.5,42.6
3857269,2022-11-28,Group Stage,Switzerland,1,9,56,Brazil,3295,Thiago Emiliano da Silva,13620.0,Éder Gabriel Militão,Complete,19.437078,41.4,48.6,40.2,68.0
3857269,2022-11-28,Group Stage,Switzerland,1,9,58,Brazil,13620,Éder Gabriel Militão,10595.0,Raphael Dias Belloli,Complete,15.867577,41.6,73.8,57.3,76.1
3857269,2022-11-28,Group Stage,Switzerland,1,10,0,Brazil,10595,Raphael Dias Belloli,13620.0,Éder Gabriel Militão,Complete,11.521285,57.3,76.1,56.6,64.6
3857269,2022-11-28,Group Stage,Switzerland,1,10,2,Brazil,13620,Éder Gabriel Militão,9904.0,Frederico Rodrigues Santos,Complete,14.375326,62.2,65.5,76.3,68.3
3857269,2022-11-28,Group Stage,Switzerland,1,10,5,Brazil,9904,Frederico Rodrigues Santos,10595.0,Raphael Dias Belloli,Incomplete,17.351946,78.6,69.9,70.8,54.4
3857269,2022-11-28,Group Stage,Switzerland,1,10,38,Brazil,9904,Frederico Rodrigues Santos,3280.0,Richarlison de Andrade,Unknown,21.70023,29.5,51.3,49.2,60.4
3857269,2022-11-28,Group Stage,Switzerland,1,10,58,Brazil,4372,Marcos Aoás Corrêa,3295.0,Thiago Emiliano da Silva,Complete,30.8,49.2,56.0,49.2,25.2
3857269,2022-11-28,Group Stage,Switzerland,1,11,6,Brazil,3295,Thiago Emiliano da Silva,9904.0,Frederico Rodrigues Santos,Incomplete,40.20771,49.2,25.2,86.3,40.7
3857269,2022-11-28,Group Stage,Switzerland,1,11,45,Brazil,13620,Éder Gabriel Militão,10595.0,Raphael Dias Belloli,Complete,7.856844,68.0,72.4,62.2,67.1
3857269,2022-11-28,Group Stage,Switzerland,1,11,46,Brazil,10595,Raphael Dias Belloli,9904.0,Frederico Rodrigues Santos,Complete,13.069813,62.2,67.1,73.3,60.2
3857269,2022-11-28,Group Stage,Switzerland,1,11,47,Brazil,9904,Frederico Rodrigues Santos,22600.0,Lucas Tolentino Coelho de Lima,Complete,15.575622,69.4,60.2,75.8,46.0
3857269,2022-11-28,Group Stage,Switzerland,1,11,49,Brazil,22600,Lucas Tolentino Coelho de Lima,3280.0,Richarlison de Andrade,Complete,36.180935,75.8,46.0,110.3,56.9
3857269,2022-11-28,Group Stage,Switzerland,1,11,52,Brazil,3280,Richarlison de Andrade,18395.0,Vinícius José Paixão de Oliveira Júnior,Incomplete,10.376898,114.5,57.8,109.7,48.6
3857269,2022-11-28,Group Stage,Switzerland,1,12,15,Brazil,13620,Éder Gabriel Militão,10595.0,Raphael Dias Belloli,Complete,9.108238,110.8,80.0,109.4,71.0
3857269,2022-11-28,Group Stage,Switzerland,1,12,16,Brazil,10595,Raphael Dias Belloli,13620.0,Éder Gabriel Militão,Complete,6.5802736,108.0,68.9,109.9,75.2
3857269,2022-11-28,Group Stage,Switzerland,1,12,17,Brazil,13620,Éder Gabriel Militão,22600.0,Lucas Tolentino Coelho de Lima,Complete,11.1830225,109.7,74.9,98.8,72.4
3857269,2022-11-28,Group Stage,Switzerland,1,12,19,Brazil,22600,Lucas Tolentino Coelho de Lima,3295.0,Thiago Emiliano da Silva,Complete,39.828255,92.8,70.8,63.8,43.5
3857269,2022-11-28,Group Stage,Switzerland,1,12,22,Brazil,3295,Thiago Emiliano da Silva,6945.0,Alex Sandro Lobo Silva,Complete,11.154371,64.1,42.1,65.2,31.0
3857269,2022-11-28,Group Stage,Switzerland,1,12,26,Brazil,6945,Alex Sandro Lobo Silva,3295.0,Thiago Emiliano da Silva,Complete,12.101653,65.0,30.0,56.1,38.2
3857269,2022-11-28,Group Stage,Switzerland,1,12,28,Brazil,3295,Thiago Emiliano da Silva,13620.0,Éder Gabriel Militão,Complete,35.911278,56.1,38.2,72.2,70.3
3857269,2022-11-28,Group Stage,Switzerland,1,12,33,Brazil,13620,Éder Gabriel Militão,5539.0,Carlos Henrique Casimiro,Complete,23.482973,72.2,70.5,82.3,49.3
3857269,2022-11-28,Group Stage,Switzerland,1,12,34,Brazil,5539,Carlos Henrique Casimiro,9904.0,Frederico Rodrigues Santos,Complete,14.624979,82.3,49.3,95.3,56.0
3857269,2022-11-28,Group Stage,Switzerland,1,12,35,Brazil,9904,Frederico Rodrigues Santos,3280.0,Richarlison de Andrade,Complete,11.230762,95.3,56.0,105.5,51.3
3857269,2022-11-28,Group Stage,Switzerland,1,15,25,Brazil,6945,Alex Sandro Lobo Silva,3280.0,Richarlison de Andrade,Incomplete,58.26371,25.6,0.1,83.5,6.6
3857269,2022-11-28,Group Stage,Switzerland,1,15,44,Brazil,22600,Lucas Tolentino Coelho de Lima,6945.0,Alex Sandro Lobo Silva,Complete,18.312017,97.8,0.1,80.0,4.4
3857269,2022-11-28,Group Stage,Switzerland,1,15,48,Brazil,6945,Alex Sandro Lobo Silva,3295.0,Thiago Emiliano da Silva,Complete,19.706345,71.0,8.8,51.3,8.3
3857269,2022-11-28,Group Stage,Switzerland,1,15,50,Brazil,3295,Thiago Emiliano da Silva,4372.0,Marcos Aoás Corrêa,Complete,29.521856,51.3,8.3,43.6,36.8
3857269,2022-11-28,Group Stage,Switzerland,1,15,53,Brazil,4372,Marcos Aoás Corrêa,13620.0,Éder Gabriel Militão,Complete,16.964079,53.9,39.5,49.2,55.8
3857269,2022-11-28,Group Stage,Switzerland,1,15,57,Brazil,13620,Éder Gabriel Militão,4372.0,Marcos Aoás Corrêa,Complete,19.113346,54.5,59.7,50.1,41.1
3857269,2022-11-28,Group Stage,Switzerland,1,16,1,Brazil,4372,Marcos Aoás Corrêa,3295.0,Thiago Emiliano da Silva,Complete,22.272854,48.3,40.7,50.1,18.5
3857269,2022-11-28,Group Stage,Switzerland,1,16,4,Brazil,3295,Thiago Emiliano da Silva,6945.0,Alex Sandro Lobo Silva,Complete,21.213203,50.2,16.6,65.2,1.6
3857269,2022-11-28,Group Stage,Switzerland,1,16,8,Brazil,6945,Alex Sandro Lobo Silva,4372.0,Marcos Aoás Corrêa,Complete,27.414778,69.4,13.1,57.3,37.7
3857269,2022-11-28,Group Stage,Switzerland,1,16,14,Brazil,4372,Marcos Aoás Corrêa,13620.0,Éder Gabriel Militão,Complete,20.800962,57.3,37.7,57.5,58.5
3857269,2022-11-28,Group Stage,Switzerland,1,16,18,Brazil,13620,Éder Gabriel Militão,4372.0,Marcos Aoás Corrêa,Complete,22.165289,56.9,59.2,45.0,40.5
3857269,2022-11-28,Group Stage,Switzerland,1,16,21,Brazil,4372,Marcos Aoás Corrêa,3295.0,Thiago Emiliano da Silva,Complete,19.891706,47.3,37.7,52.5,18.5
3857269,2022-11-28,Group Stage,Switzerland,1,16,27,Brazil,3295,Thiago Emiliano da Silva,6945.0,Alex Sandro Lobo Silva,Complete,13.994642,60.3,16.6,63.6,3.0
3857269,2022-11-28,Group Stage,Switzerland,1,16,30,Brazil,6945,Alex Sandro Lobo Silva,3295.0,Thiago Emiliano da Silva,Complete,12.485191,59.2,3.6,52.0,13.8
3857269,2022-11-28,Group Stage,Switzerland,1,16,33,Brazil,3295,Thiago Emiliano da Silva,4372.0,Marcos Aoás Corrêa,Complete,22.314121,49.7,21.7,44.1,43.3
3857269,2022-11-28,Group Stage,Switzerland,1,16,39,Brazil,4372,Marcos Aoás Corrêa,3295.0,Thiago Emiliano da Silva,Complete,23.19763,53.1,41.1,61.3,19.4
3857269,2022-11-28,Group Stage,Switzerland,1,16,41,Brazil,3295,Thiago Emiliano da Silva,22600.0,Lucas Tolentino Coelho de Lima,Complete,11.6297035,61.9,18.9,73.3,16.6
3857269,2022-11-28,Group Stage,Switzerland,1,16,43,Brazil,22600,Lucas Tolentino Coelho de Lima,6945.0,Alex Sandro Lobo Silva,Complete,9.5,69.4,11.1,69.4,1.6
3857269,2022-11-28,Group Stage,Switzerland,1,16,57,Brazil,6945,Alex Sandro Lobo Silva,3295.0,Thiago Emiliano da Silva,Complete,16.710775,68.9,7.3,55.9,17.8
3857269,2022-11-28,Group Stage,Switzerland,1,17,0,Brazil,3295,Thiago Emiliano da Silva,4372.0,Marcos Aoás Corrêa,Complete,23.518717,55.9,17.8,52.7,41.1
3857269,2022-11-28,Group Stage,Switzerland,1,17,5,Brazil,4372,Marcos Aoás Corrêa,10595.0,Raphael Dias Belloli,Complete,19.420094,50.2,52.1,61.9,67.6
3857269,2022-11-28,Group Stage,Switzerland,1,17,7,Brazil,10595,Raphael Dias Belloli,13620.0,Éder Gabriel Militão,Incomplete,19.019201,61.9,67.6,78.2,57.8
3857269,2022-11-28,Group Stage,Switzerland,1,17,36,Brazil,6945,Alex Sandro Lobo Silva,3295.0,Thiago Emiliano da Silva,Complete,17.065168,17.0,5.3,30.9,15.2
3857269,2022-11-28,Group Stage,Switzerland,1,17,37,Brazil,3295,Thiago Emiliano da Silva,4372.0,Marcos Aoás Corrêa,Complete,25.840279,28.9,15.7,13.3,36.3
3857269,2022-11-28,Group Stage,Switzerland,1,17,45,Brazil,4372,Marcos Aoás Corrêa,9904.0,Frederico Rodrigues Santos,Complete,12.131364,36.2,40.7,42.1,51.3
3857269,2022-11-28,Group Stage,Switzerland,1,17,47,Brazil,9904,Frederico Rodrigues Santos,13620.0,Éder Gabriel Militão,Complete,14.538225,41.6,53.9,43.6,68.3
3857269,2022-11-28,Group Stage,Switzerland,1,17,51,Brazil,13620,Éder Gabriel Militão,3295.0,Thiago Emiliano da Silva,Complete,39.41269,40.2,61.8,39.2,22.4
3857269,2022-11-28,Group Stage,Switzerland,1,17,57,Brazil,3295,Thiago Emiliano da Silva,6945.0,Alex Sandro Lobo Silva,Complete,20.27856,50.6,25.2,54.5,5.3
3857269,2022-11-28,Group Stage,Switzerland,1,18,0,Brazil,6945,Alex Sandro Lobo Silva,18395.0,Vinícius José Paixão de Oliveira Júnior,Complete,14.933519,50.1,3.2,65.0,2.2
3857269,2022-11-28,Group Stage,Switzerland,1,18,16,Brazil,6945,Alex Sandro Lobo Silva,3295.0,Thiago Emiliano da Silva,Complete,4.9,67.8,5.0,67.8,9.9
3857269,2022-11-28,Group Stage,Switzerland,1,18,21,Brazil,3295,Thiago Emiliano da Silva,4372.0,Marcos Aoás Corrêa,Complete,22.281158,46.7,21.9,44.8,44.1
3857269,2022-11-28,Group Stage,Switzerland,1,18,27,Brazil,4372,Marcos Aoás Corrêa,3295.0,Thiago Emiliano da Silva,Complete,17.5,45.5,44.1,45.5,26.6
3857269,2022-11-28,Group Stage,Switzerland,1,18,32,Brazil,3295,Thiago Emiliano da Silva,22600.0,Lucas Tolentino Coelho de Lima,Complete,27.522354,53.1,21.7,80.3,17.5
3857269,2022-11-28,Group Stage,Switzerland,1,18,33,Brazil,22600,Lucas Tolentino Coelho de Lima,18395.0,Vinícius José Paixão de Oliveira Júnior,Complete,18.258423,80.3,17.5,94.4,5.9
3857269,2022-11-28,Group Stage,Switzerland,1,18,38,Brazil,18395,Vinícius José Paixão de Oliveira Júnior,9904.0,Frederico Rodrigues Santos,Incomplete,4.4,100.6,17.8,100.6,22.2
3857269,2022-11-28,Group Stage,Switzerland,1,18,44,Brazil,22600,Lucas Tolentino Coelho de Lima,3280.0,Richarlison de Andrade,Incomplete,27.224989,105.9,8.8,115.7,34.2
3857269,2022-11-28,Group Stage,Switzerland,1,18,55,Brazil,6945,Alex Sandro Lobo Silva,3280.0,Richarlison de Andrade,Complete,22.953213,106.9,0.1,110.3,22.8
3857269,2022-11-28,Group Stage,Switzerland,1,19,0,Brazil,3280,Richarlison de Andrade,6945.0,Alex Sandro Lobo Silva,Complete,9.688137,113.3,15.0,115.2,5.5
3857269,2022-11-28,Group Stage,Switzerland,1,19,1,Brazil,6945,Alex Sandro Lobo Silva,10595.0,Raphael Dias Belloli,Incomplete,40.010624,115.2,5.5,111.1,45.3
3857269,2022-11-28,Group Stage,Switzerland,1,20,11,Brazil,5547,Alisson Ramsés Becker,13620.0,Éder Gabriel Militão,Complete,20.793509,6.9,42.6,22.8,56.0
3857269,2022-11-28,Group Stage,Switzerland,1,20,15,Brazil,13620,Éder Gabriel Militão,10595.0,Raphael Dias Belloli,Incomplete,79.72114,30.4,60.2,108.9,46.3
3857269,2022-11-28,Group Stage,Switzerland,1,20,56,Brazil,6945,Alex Sandro Lobo Silva,22600.0,Lucas Tolentino Coelho de Lima,Complete,15.185519,33.0,19.4,47.8,22.8
3857269,2022-11-28,Group Stage,Switzerland,1,20,57,Brazil,22600,Lucas Tolentino Coelho de Lima,18395.0,Vinícius José Paixão de Oliveira Júnior,Complete,18.179659,47.8,22.8,57.3,7.3
3857269,2022-11-28,Group Stage,Switzerland,1,20,58,Brazil,18395,Vinícius José Paixão de Oliveira Júnior,9904.0,Frederico Rodrigues Santos,Complete,32.05636,58.3,8.0,56.4,40.0
3857269,2022-11-28,Group Stage,Switzerland,1,21,1,Brazil,9904,Frederico Rodrigues Santos,22600.0,Lucas Tolentino Coelho de Lima,Complete,8.062258,54.1,40.5,59.9,34.9
3857269,2022-11-28,Group Stage,Switzerland,1,21,16,Brazil,13620,Éder Gabriel Militão,10595.0,Raphael Dias Belloli,Complete,12.8,60.3,72.9,73.1,72.9
3857269,2022-11-28,Group Stage,Switzerland,1,21,17,Brazil,10595,Raphael Dias Belloli,3295.0,Thiago Emiliano da Silva,Complete,31.96154,72.4,72.4,49.7,49.9
3857269,2022-11-28,Group Stage,Switzerland,1,21,21,Brazil,3295,Thiago Emiliano da Silva,4372.0,Marcos Aoás Corrêa,Complete,18.113531,49.7,49.9,58.0,33.8
3857269,2022-11-28,Group Stage,Switzerland,1,21,24,Brazil,4372,Marcos Aoás Corrêa,6945.0,Alex Sandro Lobo Silva,Complete,15.231874,69.4,22.4,71.4,7.3
3857269,2022-11-28,Group Stage,Switzerland,1,21,26,Brazil,6945,Alex Sandro Lobo Silva,18395.0,Vinícius José Paixão de Oliveira Júnior,Complete,14.384019,71.4,7.3,85.3,3.6
3857269,2022-11-28,Group Stage,Switzerland,1,21,29,Brazil,18395,Vinícius José Paixão de Oliveira Júnior,5539.0,Carlos Henrique Casimiro,Complete,11.305308,85.3,3.6,82.3,14.5
3857269,2022-11-28,Group Stage,Switzerland,1,21,32,Brazil,5539,Carlos Henrique Casimiro,22600.0,Lucas Tolentino Coelho de Lima,Incomplete,19.180199,79.1,27.2,97.9,31.0
3857269,2022-11-28,Group Stage,Switzerland,1,21,45,Brazil,4372,Marcos Aoás Corrêa,6945.0,Alex Sandro Lobo Silva,Complete,8.668333,74.7,9.9,81.4,4.4
3857269,2022-11-28,Group Stage,Switzerland,1,21,48,Brazil,6945,Alex Sandro Lobo Silva,4372.0,Marcos Aoás Corrêa,Complete,12.120231,76.6,5.3,64.7,3.0
3857269,2022-11-28,Group Stage,Switzerland,1,21,53,Brazil,4372,Marcos Aoás Corrêa,5539.0,Carlos Henrique Casimiro,Complete,7.920227,63.3,13.8,66.6,21.0
3857269,2022-11-28,Group Stage,Switzerland,1,21,56,Brazil,5539,Carlos Henrique Casimiro,13620.0,Éder Gabriel Militão,Complete,18.283325,73.3,30.0,64.1,45.8
3857269,2022-11-28,Group Stage,Switzerland,1,21,59,Brazil,13620,Éder Gabriel Militão,5539.0,Carlos Henrique Casimiro,Complete,12.083046,66.6,48.3,72.4,37.7
3857269,2022-11-28,Group Stage,Switzerland,1,22,0,Brazil,5539,Carlos Henrique Casimiro,3280.0,Richarlison de Andrade,Complete,19.337269,72.4,40.5,91.6,38.2
3857269,2022-11-28,Group Stage,Switzerland,1,22,1,Brazil,3280,Richarlison de Andrade,9904.0,Frederico Rodrigues Santos,Incomplete,2.9832869,91.6,38.2,93.5,40.5
3857269,2022-11-28,Group Stage,Switzerland,1,24,8,Brazil,3295,Thiago Emiliano da Silva,10595.0,Raphael Dias Belloli,Complete,8.94539,11.9,72.9,20.8,73.8
3857269,2022-11-28,Group Stage,Switzerland,1,24,9,Brazil,10595,Raphael Dias Belloli,3295.0,Thiago Emiliano da Silva,Complete,8.747571,19.8,72.4,11.2,70.8
3857269,2022-11-28,Group Stage,Switzerland,1,24,11,Brazil,3295,Thiago Emiliano da Silva,,,Out,29.386562,11.9,70.8,40.0,79.4
3857269,2022-11-28,Group Stage,Switzerland,1,24,54,Brazil,4372,Marcos Aoás Corrêa,18395.0,Vinícius José Paixão de Oliveira Júnior,Incomplete,19.38711,21.9,19.9,38.8,10.4
3857269,2022-11-28,Group Stage,Switzerland,1,25,25,Brazil,5547,Alisson Ramsés Becker,4372.0,Marcos Aoás Corrêa,Complete,4.1761227,11.2,6.6,15.2,7.8
3857269,2022-11-28,Group Stage,Switzerland,1,25,31,Brazil,4372,Marcos Aoás Corrêa,9904.0,Frederico Rodrigues Santos,Complete,5.147815,18.4,23.6,23.1,25.7
3857269,2022-11-28,Group Stage,Switzerland,1,25,31,Brazil,9904,Frederico Rodrigues Santos,4372.0,Marcos Aoás Corrêa,Complete,9.752948,23.1,25.6,14.5,21.0
3857269,2022-11-28,Group Stage,Switzerland,1,25,37,Brazil,4372,Marcos Aoás Corrêa,9904.0,Frederico Rodrigues Santos,Complete,11.661903,20.5,22.9,30.5,28.9
3857269,2022-11-28,Group Stage,Switzerland,1,25,39,Brazil,9904,Frederico Rodrigues Santos,4372.0,Marcos Aoás Corrêa,Complete,10.770794,30.5,28.9,28.1,18.4
3857269,2022-11-28,Group Stage,Switzerland,1,25,44,Brazil,4372,Marcos Aoás Corrêa,3295.0,Thiago Emiliano da Silva,Complete,19.808079,29.6,21.7,25.6,41.1
3857269,2022-11-28,Group Stage,Switzerland,1,25,47,Brazil,3295,Thiago Emiliano da Silva,13620.0,Éder Gabriel Militão,Complete,11.985408,27.0,43.3,29.1,55.1
3857269,2022-11-28,Group Stage,Switzerland,1,25,49,Brazil,13620,Éder Gabriel Militão,9904.0,Frederico Rodrigues Santos,Complete,11.016806,29.1,55.1,39.2,50.7
3857269,2022-11-28,Group Stage,Switzerland,1,25,50,Brazil,9904,Frederico Rodrigues Santos,13620.0,Éder Gabriel Militão,Complete,16.984993,39.2,50.2,22.4,52.7
3857269,2022-11-28,Group Stage,Switzerland,1,25,53,Brazil,13620,Éder Gabriel Militão,5547.0,Alisson Ramsés Becker,Complete,25.616402,22.4,52.7,3.6,35.3
3857269,2022-11-28,Group Stage,Switzerland,1,25,55,Brazil,5547,Alisson Ramsés Becker,4372.0,Marcos Aoás Corrêa,Complete,23.913595,5.0,33.8,13.1,11.3
3857269,2022-11-28,Group Stage,Switzerland,1,25,59,Brazil,4372,Marcos Aoás Corrêa,5547.0,Alisson Ramsés Becker,Complete,13.583077,12.8,8.8,5.9,20.5
3857269,2022-11-28,Group Stage,Switzerland,1,26,0,Brazil,5547,Alisson Ramsés Becker,,,Incomplete,28.168423,5.9,20.5,30.4,6.6
3857269,2022-11-28,Group Stage,Switzerland,1,26,6,Brazil,5539,Carlos Henrique Casimiro,22600.0,Lucas Tolentino Coelho de Lima,Complete,9.481033,28.4,12.2,36.9,16.4
3857269,2022-11-28,Group Stage,Switzerland,1,26,7,Brazil,22600,Lucas Tolentino Coelho de Lima,5539.0,Carlos Henrique Casimiro,Complete,7.602631,36.9,16.4,36.7,8.8
3857269,2022-11-28,Group Stage,Switzerland,1,26,10,Brazil,5539,Carlos Henrique Casimiro,22600.0,Lucas Tolentino Coelho de Lima,Complete,6.8007355,37.7,2.0,37.6,8.8
3857269,2022-11-28,Group Stage,Switzerland,1,26,13,Brazil,22600,Lucas Tolentino Coelho de Lima,9904.0,Frederico Rodrigues Santos,Complete,12.949517,40.6,22.4,49.4,31.9
3857269,2022-11-28,Group Stage,Switzerland,1,26,15,Brazil,9904,Frederico Rodrigues Santos,18395.0,Vinícius José Paixão de Oliveira Júnior,Complete,34.087242,50.1,21.9,78.6,3.2
3857269,2022-11-28,Group Stage,Switzerland,1,26,28,Brazil,5539,Carlos Henrique Casimiro,9904.0,Frederico Rodrigues Santos,Complete,8.509406,75.1,4.6,74.7,13.1
3857269,2022-11-28,Group Stage,Switzerland,1,26,33,Brazil,9904,Frederico Rodrigues Santos,22600.0,Lucas Tolentino Coelho de Lima,Complete,8.542833,87.6,29.6,82.3,36.3
3857269,2022-11-28,Group Stage,Switzerland,1,26,34,Brazil,22600,Lucas Tolentino Coelho de Lima,13620.0,Éder Gabriel Militão,Complete,12.7,81.9,37.2,81.9,49.9
3857269,2022-11-28,Group Stage,Switzerland,1,26,36,Brazil,13620,Éder Gabriel Militão,10595.0,Raphael Dias Belloli,Complete,15.367498,81.4,50.6,93.4,60.2
3857269,2022-11-28,Group Stage,Switzerland,1,26,39,Brazil,10595,Raphael Dias Belloli,18395.0,Vinícius José Paixão de Oliveira Júnior,Complete,32.188972,93.4,60.2,112.1,34.0
3857269,2022-11-28,Group Stage,Switzerland,1,27,14,Brazil,10595,Raphael Dias Belloli,,,Incomplete,36.542168,120.0,0.1,112.2,35.8
3857269,2022-11-28,Group Stage,Switzerland,1,27,22,Brazil,13620,Éder Gabriel Militão,,,Incomplete,16.710775,114.5,66.1,110.4,49.9
3857269,2022-11-28,Group Stage,Switzerland,1,27,29,Brazil,13620,Éder Gabriel Militão,,,Incomplete,7.071068,96.0,54.4,102.2,57.8
3857269,2022-11-28,Group Stage,Switzerland,1,27,34,Brazil,3295,Thiago Emiliano da Silva,13620.0,Éder Gabriel Militão,Complete,10.607545,78.2,73.3,88.8,72.9
3857269,2022-11-28,Group Stage,Switzerland,1,28,13,Brazil,3295,Thiago Emiliano da Silva,9904.0,Frederico Rodrigues Santos,Incomplete,16.812199,44.8,66.1,61.2,62.4
3857269,2022-11-28,Group Stage,Switzerland,1,28,41,Brazil,13620,Éder Gabriel Militão,3295.0,Thiago Emiliano da Silva,Complete,22.389507,71.7,58.8,49.4,60.8
3857269,2022-11-28,Group Stage,Switzerland,1,28,47,Brazil,3295,Thiago Emiliano da Silva,4372.0,Marcos Aoás Corrêa,Complete,32.039974,47.4,55.8,45.8,23.8
3857269,2022-11-28,Group Stage,Switzerland,1,28,53,Brazil,4372,Marcos Aoás Corrêa,5539.0,Carlos Henrique Casimiro,Complete,14.981655,54.1,25.6,67.5,18.9
3857269,2022-11-28,Group Stage,Switzerland,1,28,55,Brazil,5539,Carlos Henrique Casimiro,22600.0,Lucas Tolentino Coelho de Lima,Complete,11.960351,67.5,18.9,75.6,27.7
3857269,2022-11-28,Group Stage,Switzerland,1,28,56,Brazil,22600,Lucas Tolentino Coelho de Lima,18395.0,Vinícius José Paixão de Oliveira Júnior,Complete,27.758423,75.6,27.7,93.4,6.4
3857269,2022-11-28,Group Stage,Switzerland,1,29,4,Brazil,4372,Marcos Aoás Corrêa,9904.0,Frederico Rodrigues Santos,Complete,13.043006,64.6,18.8,72.2,29.4
3857269,2022-11-28,Group Stage,Switzerland,1,29,13,Brazil,9904,Frederico Rodrigues Santos,3295.0,Thiago Emiliano da Silva,Complete,15.71528,39.5,27.0,37.6,42.6
3857269,2022-11-28,Group Stage,Switzerland,1,29,15,Brazil,3295,Thiago Emiliano da Silva,13620.0,Éder Gabriel Militão,Complete,8.579627,38.8,46.7,44.4,53.2
3857269,2022-11-28,Group Stage,Switzerland,1,29,18,Brazil,13620,Éder Gabriel Militão,3295.0,Thiago Emiliano da Silva,Complete,10.820813,44.4,53.6,36.9,45.8
3857269,2022-11-28,Group Stage,Switzerland,1,29,20,Brazil,3295,Thiago Emiliano da Silva,4372.0,Marcos Aoás Corrêa,Complete,25.371244,36.9,45.8,38.8,20.5
3857269,2022-11-28,Group Stage,Switzerland,1,29,30,Brazil,4372,Marcos Aoás Corrêa,22600.0,Lucas Tolentino Coelho de Lima,Complete,11.443775,62.6,27.5,63.6,16.1
3857269,2022-11-28,Group Stage,Switzerland,1,29,35,Brazil,22600,Lucas Tolentino Coelho de Lima,6945.0,Alex Sandro Lobo Silva,Incomplete,22.751703,63.6,11.3,85.6,5.5
3857269,2022-11-28,Group Stage,Switzerland,1,29,44,Brazil,22600,Lucas Tolentino Coelho de Lima,5539.0,Carlos Henrique Casimiro,Complete,20.374739,68.9,3.6,49.2,8.8
3857269,2022-11-28,Group Stage,Switzerland,1,29,46,Brazil,5539,Carlos Henrique Casimiro,3295.0,Thiago Emiliano da Silva,Complete,29.394558,46.2,14.5,41.4,43.5
3857269,2022-11-28,Group Stage,Switzerland,1,29,53,Brazil,3295,Thiago Emiliano da Silva,4372.0,Marcos Aoás Corrêa,Complete,26.191984,44.8,50.2,48.7,24.3
3857269,2022-11-28,Group Stage,Switzerland,1,30,3,Brazil,4372,Marcos Aoás Corrêa,18395.0,Vinícius José Paixão de Oliveira Júnior,Complete,9.563472,72.8,19.1,82.3,18.0
3857269,2022-11-28,Group Stage,Switzerland,1,30,3,Brazil,18395,Vinícius José Paixão de Oliveira Júnior,4372.0,Marcos Aoás Corrêa,Complete,6.6098413,82.3,17.8,75.8,16.6
3857269,2022-11-28,Group Stage,Switzerland,1,30,7,Brazil,4372,Marcos Aoás Corrêa,13620.0,Éder Gabriel Militão,Complete,20.280533,75.8,21.3,73.1,41.4
3857269,2022-11-28,Group Stage,Switzerland,1,30,10,Brazil,13620,Éder Gabriel Militão,10595.0,Raphael Dias Belloli,Complete,29.79547,71.7,46.9,88.8,71.3
3857269,2022-11-28,Group Stage,Switzerland,1,30,15,Brazil,10595,Raphael Dias Belloli,13620.0,Éder Gabriel Militão,Complete,16.54237,104.5,69.6,93.9,56.9
3857269,2022-11-28,Group Stage,Switzerland,1,30,16,Brazil,13620,Éder Gabriel Militão,10595.0,Raphael Dias Belloli,Complete,4.6173587,94.1,56.9,89.5,56.5
3857269,2022-11-28,Group Stage,Switzerland,1,30,41,Brazil,6945,Alex Sandro Lobo Silva,18395.0,Vinícius José Paixão de Oliveira Júnior,Complete,16.224672,54.5,5.9,68.5,14.1
3857269,2022-11-28,Group Stage,Switzerland,1,31,6,Brazil,5539,Carlos Henrique Casimiro,22600.0,Lucas Tolentino Coelho de Lima,Complete,7.1021123,69.8,38.6,71.0,31.6
3857269,2022-11-28,Group Stage,Switzerland,1,31,9,Brazil,22600,Lucas Tolentino Coelho de Lima,4372.0,Marcos Aoás Corrêa,Complete,7.111962,71.0,25.0,64.7,21.7
3857269,2022-11-28,Group Stage,Switzerland,1,31,17,Brazil,4372,Marcos Aoás Corrêa,22600.0,Lucas Tolentino Coelho de Lima,Complete,13.633048,76.3,24.3,78.2,10.8
3857269,2022-11-28,Group Stage,Switzerland,1,31,19,Brazil,22600,Lucas Tolentino Coelho de Lima,4372.0,Marcos Aoás Corrêa,Complete,7.7103825,78.2,10.8,78.6,18.5
3857269,2022-11-28,Group Stage,Switzerland,1,31,23,Brazil,4372,Marcos Aoás Corrêa,22600.0,Lucas Tolentino Coelho de Lima,Complete,8.260751,78.6,18.5,79.6,10.3
3857269,2022-11-28,Group Stage,Switzerland,1,31,25,Brazil,22600,Lucas Tolentino Coelho de Lima,3280.0,Richarlison de Andrade,Complete,39.496456,79.6,10.3,104.2,41.2
3857269,2022-11-28,Group Stage,Switzerland,1,31,32,Brazil,10595,Raphael Dias Belloli,13620.0,Éder Gabriel Militão,Complete,19.302332,103.0,75.2,85.3,67.5
3857269,2022-11-28,Group Stage,Switzerland,1,31,35,Brazil,13620,Éder Gabriel Militão,10595.0,Raphael Dias Belloli,Complete,8.352844,84.4,67.1,88.8,74.2
3857269,2022-11-28,Group Stage,Switzerland,1,31,37,Brazil,10595,Raphael Dias Belloli,13620.0,Éder Gabriel Militão,Complete,12.913946,88.8,74.2,77.7,67.6
3857269,2022-11-28,Group Stage,Switzerland,1,31,39,Brazil,13620,Éder Gabriel Militão,4372.0,Marcos Aoás Corrêa,Complete,28.912626,77.7,67.5,74.2,38.8
3857269,2022-11-28,Group Stage,Switzerland,1,31,43,Brazil,4372,Marcos Aoás Corrêa,6945.0,Alex Sandro Lobo Silva,Complete,15.308167,83.0,33.8,83.5,18.5
3857269,2022-11-28,Group Stage,Switzerland,1,31,46,Brazil,6945,Alex Sandro Lobo Silva,4372.0,Marcos Aoás Corrêa,Complete,4.8507733,85.3,25.6,80.5,26.3
3857269,2022-11-28,Group Stage,Switzerland,1,31,49,Brazil,4372,Marcos Aoás Corrêa,22600.0,Lucas Tolentino Coelho de Lima,Complete,8.53815,80.5,26.3,88.6,23.6
3857269,2022-11-28,Group Stage,Switzerland,1,31,51,Brazil,22600,Lucas Tolentino Coelho de Lima,4372.0,Marcos Aoás Corrêa,Complete,11.715375,88.6,24.3,77.2,27.0
3857269,2022-11-28,Group Stage,Switzerland,1,31,53,Brazil,4372,Marcos Aoás Corrêa,3295.0,Thiago Emiliano da Silva,Complete,20.207176,77.2,27.0,61.9,40.2
3857269,2022-11-28,Group Stage,Switzerland,1,31,55,Brazil,3295,Thiago Emiliano da Silva,4372.0,Marcos Aoás Corrêa,Complete,18.738462,61.9,40.2,69.1,22.9
3857269,2022-11-28,Group Stage,Switzerland,1,31,58,Brazil,4372,Marcos Aoás Corrêa,22600.0,Lucas Tolentino Coelho de Lima,Complete,15.738488,72.4,18.0,88.1,19.1
3857269,2022-11-28,Group Stage,Switzerland,1,31,59,Brazil,22600,Lucas Tolentino Coelho de Lima,9904.0,Frederico Rodrigues Santos,Complete,8.130191,88.1,19.1,88.8,27.2
3857269,2022-11-28,Group Stage,Switzerland,1,32,2,Brazil,9904,Frederico Rodrigues Santos,10595.0,Raphael Dias Belloli,Complete,28.935272,88.6,32.3,97.9,59.7
3857269,2022-11-28,Group Stage,Switzerland,1,32,6,Brazil,10595,Raphael Dias Belloli,5539.0,Carlos Henrique Casimiro,Complete,9.560335,97.4,59.7,91.6,52.1
3857269,2022-11-28,Group Stage,Switzerland,1,32,8,Brazil,5539,Carlos Henrique Casimiro,6945.0,Alex Sandro Lobo Silva,Complete,22.144978,91.1,51.3,84.7,30.1
3857269,2022-11-28,Group Stage,Switzerland,1,32,12,Brazil,6945,Alex Sandro Lobo Silva,4372.0,Marcos Aoás Corrêa,Complete,6.20967,88.8,26.1,82.8,27.7
3857269,2022-11-28,Group Stage,Switzerland,1,32,14,Brazil,4372,Marcos Aoás Corrêa,5539.0,Carlos Henrique Casimiro,Complete,12.218838,81.0,31.4,86.9,42.1
3857269,2022-11-28,Group Stage,Switzerland,1,32,15,Brazil,5539,Carlos Henrique Casimiro,13620.0,Éder Gabriel Militão,Complete,8.640023,86.2,43.3,81.0,50.2
3857269,2022-11-28,Group Stage,Switzerland,1,32,16,Brazil,13620,Éder Gabriel Militão,10595.0,Raphael Dias Belloli,Complete,11.903781,80.5,55.5,90.2,62.4
3857269,2022-11-28,Group Stage,Switzerland,1,32,20,Brazil,10595,Raphael Dias Belloli,4372.0,Marcos Aoás Corrêa,Complete,28.442924,86.9,53.2,81.9,25.2
3857269,2022-11-28,Group Stage,Switzerland,1,32,25,Brazil,4372,Marcos Aoás Corrêa,22600.0,Lucas Tolentino Coelho de Lima,Complete,10.1242285,90.0,24.3,100.1,23.6
3857269,2022-11-28,Group Stage,Switzerland,1,32,26,Brazil,22600,Lucas Tolentino Coelho de Lima,4372.0,Marcos Aoás Corrêa,Incomplete,6.5053825,100.1,23.6,95.5,28.2
3857269,2022-11-28,Group Stage,Switzerland,1,32,32,Brazil,3295,Thiago Emiliano da Silva,5547.0,Alisson Ramsés Becker,Complete,50.894497,67.1,5.3,21.4,27.7
3857269,2022-11-28,Group Stage,Switzerland,1,32,37,Brazil,5547,Alisson Ramsés Becker,13620.0,Éder Gabriel Militão,Complete,13.471452,22.8,28.9,33.0,37.7
3857269,2022-11-28,Group Stage,Switzerland,1,32,40,Brazil,13620,Éder Gabriel Militão,3295.0,Thiago Emiliano da Silva,Complete,5.4129477,34.9,43.0,37.2,38.1
3857269,2022-11-28,Group Stage,Switzerland,1,32,42,Brazil,3295,Thiago Emiliano da Silva,13620.0,Éder Gabriel Militão,Complete,10.375452,42.0,39.7,43.9,49.9
3857269,2022-11-28,Group Stage,Switzerland,1,32,46,Brazil,13620,Éder Gabriel Militão,18395.0,Vinícius José Paixão de Oliveira Júnior,Complete,50.465137,58.0,46.3,98.8,16.6
3857269,2022-11-28,Group Stage,Switzerland,1,32,53,Brazil,6945,Alex Sandro Lobo Silva,,,Incomplete,14.616771,86.2,7.8,86.9,22.4
3857269,2022-11-28,Group Stage,Switzerland,1,33,6,Brazil,13620,Éder Gabriel Militão,10595.0,Raphael Dias Belloli,Complete,16.786304,8.4,69.6,25.1,71.3
3857269,2022-11-28,Group Stage,Switzerland,1,33,8,Brazil,10595,Raphael Dias Belloli,3280.0,Richarlison de Andrade,Complete,25.701752,25.1,71.3,50.8,71.0
3857269,2022-11-28,Group Stage,Switzerland,1,33,10,Brazil,3280,Richarlison de Andrade,10595.0,Raphael Dias Belloli,Complete,15.892766,50.6,71.9,35.3,67.6
3857269,2022-11-28,Group Stage,Switzerland,1,33,12,Brazil,10595,Raphael Dias Belloli,5539.0,Carlos Henrique Casimiro,Complete,15.570806,32.8,66.1,30.5,50.7
3857269,2022-11-28,Group Stage,Switzerland,1,33,15,Brazil,5539,Carlos Henrique Casimiro,3295.0,Thiago Emiliano da Silva,Complete,10.097525,30.5,50.7,20.5,49.3
3857269,2022-11-28,Group Stage,Switzerland,1,33,18,Brazil,3295,Thiago Emiliano da Silva,9904.0,Frederico Rodrigues Santos,Complete,14.038875,25.1,48.3,38.1,43.0
3857269,2022-11-28,Group Stage,Switzerland,1,33,21,Brazil,9904,Frederico Rodrigues Santos,22600.0,Lucas Tolentino Coelho de Lima,Complete,17.364332,38.1,34.4,52.7,25.0
3857269,2022-11-28,Group Stage,Switzerland,1,33,23,Brazil,22600,Lucas Tolentino Coelho de Lima,18395.0,Vinícius José Paixão de Oliveira Júnior,Pass Offside,38.077026,53.4,24.7,86.9,6.6
3857269,2022-11-28,Group Stage,Switzerland,1,35,9,Brazil,6945,Alex Sandro Lobo Silva,5539.0,Carlos Henrique Casimiro,Incomplete,2.5,22.3,3.0,23.8,5.0
3857269,2022-11-28,Group Stage,Switzerland,1,35,20,Brazil,6945,Alex Sandro Lobo Silva,3295.0,Thiago Emiliano da Silva,Complete,7.306162,26.5,0.1,22.8,6.4
3857269,2022-11-28,Group Stage,Switzerland,1,35,25,Brazil,3295,Thiago Emiliano da Silva,4372.0,Marcos Aoás Corrêa,Complete,19.100262,20.8,38.6,33.9,24.7
3857269,2022-11-28,Group Stage,Switzerland,1,35,33,Brazil,4372,Marcos Aoás Corrêa,22600.0,Lucas Tolentino Coelho de Lima,Complete,17.181385,45.8,19.1,62.6,15.5
3857269,2022-11-28,Group Stage,Switzerland,1,35,34,Brazil,22600,Lucas Tolentino Coelho de Lima,4372.0,Marcos Aoás Corrêa,Complete,11.462984,63.1,15.0,51.7,13.8
3857269,2022-11-28,Group Stage,Switzerland,1,35,36,Brazil,4372,Marcos Aoás Corrêa,22600.0,Lucas Tolentino Coelho de Lima,Complete,13.90899,50.8,17.1,64.7,16.6
3857269,2022-11-28,Group Stage,Switzerland,1,35,38,Brazil,22600,Lucas Tolentino Coelho de Lima,18395.0,Vinícius José Paixão de Oliveira Júnior,Complete,17.933489,63.6,16.6,79.6,8.5
3857269,2022-11-28,Group Stage,Switzerland,1,35,40,Brazil,18395,Vinícius José Paixão de Oliveira Júnior,6945.0,Alex Sandro Lobo Silva,Complete,10.375452,79.6,8.5,70.3,3.9
3857269,2022-11-28,Group Stage,Switzerland,1,35,42,Brazil,6945,Alex Sandro Lobo Silva,22600.0,Lucas Tolentino Coelho de Lima,Complete,7.9177017,70.8,4.1,67.1,11.1
3857269,2022-11-28,Group Stage,Switzerland,1,35,49,Brazil,4372,Marcos Aoás Corrêa,6945.0,Alex Sandro Lobo Silva,Complete,6.596969,47.8,16.1,46.2,9.7
3857269,2022-11-28,Group Stage,Switzerland,1,35,50,Brazil,6945,Alex Sandro Lobo Silva,4372.0,Marcos Aoás Corrêa,Complete,5.8,46.2,8.3,46.2,14.1
3857269,2022-11-28,Group Stage,Switzerland,1,35,51,Brazil,4372,Marcos Aoás Corrêa,5539.0,Carlos Henrique Casimiro,Complete,10.381715,46.2,14.7,55.9,18.4
3857269,2022-11-28,Group Stage,Switzerland,1,35,53,Brazil,5539,Carlos Henrique Casimiro,13620.0,Éder Gabriel Militão,Complete,30.68876,55.0,17.8,46.2,47.2
3857269,2022-11-28,Group Stage,Switzerland,1,35,55,Brazil,13620,Éder Gabriel Militão,10595.0,Raphael Dias Belloli,Complete,29.482368,46.2,47.2,62.6,71.7
3857269,2022-11-28,Group Stage,Switzerland,1,36,0,Brazil,10595,Raphael Dias Belloli,9904.0,Frederico Rodrigues Santos,Complete,9.580188,69.1,68.5,71.4,59.2
3857269,2022-11-28,Group Stage,Switzerland,1,36,3,Brazil,9904,Frederico Rodrigues Santos,13620.0,Éder Gabriel Militão,Complete,17.170322,80.0,56.5,91.1,69.6
3857269,2022-11-28,Group Stage,Switzerland,1,36,6,Brazil,13620,Éder Gabriel Militão,10595.0,Raphael Dias Belloli,Complete,14.3178215,91.1,69.6,80.3,60.2
3857269,2022-11-28,Group Stage,Switzerland,1,36,9,Brazil,10595,Raphael Dias Belloli,22600.0,Lucas Tolentino Coelho de Lima,Complete,31.605696,80.3,60.2,80.9,28.6
3857269,2022-11-28,Group Stage,Switzerland,1,36,12,Brazil,22600,Lucas Tolentino Coelho de Lima,18395.0,Vinícius José Paixão de Oliveira Júnior,Complete,28.63861,80.5,24.3,100.6,3.9
3857269,2022-11-28,Group Stage,Switzerland,1,36,14,Brazil,18395,Vinícius José Paixão de Oliveira Júnior,6945.0,Alex Sandro Lobo Silva,Complete,9.8234415,100.6,3.9,91.1,6.4
3857269,2022-11-28,Group Stage,Switzerland,1,36,16,Brazil,6945,Alex Sandro Lobo Silva,18395.0,Vinícius José Paixão de Oliveira Júnior,Complete,10.261579,90.7,6.6,100.6,3.9
3857269,2022-11-28,Group Stage,Switzerland,1,36,24,Brazil,6945,Alex Sandro Lobo Silva,4372.0,Marcos Aoás Corrêa,Complete,18.179384,86.2,4.6,73.7,17.8
3857269,2022-11-28,Group Stage,Switzerland,1,36,26,Brazil,4372,Marcos Aoás Corrêa,13620.0,Éder Gabriel Militão,Complete,31.044645,73.8,17.8,81.4,47.9
3857269,2022-11-28,Group Stage,Switzerland,1,36,30,Brazil,13620,Éder Gabriel Militão,3295.0,Thiago Emiliano da Silva,Complete,18.916924,79.6,47.7,63.3,38.1
3857269,2022-11-28,Group Stage,Switzerland,1,36,32,Brazil,3295,Thiago Emiliano da Silva,4372.0,Marcos Aoás Corrêa,Complete,19.80909,63.3,38.1,74.7,21.9
3857269,2022-11-28,Group Stage,Switzerland,1,36,36,Brazil,4372,Marcos Aoás Corrêa,3295.0,Thiago Emiliano da Silva,Complete,15.211838,74.7,21.9,67.5,35.3
3857269,2022-11-28,Group Stage,Switzerland,1,36,39,Brazil,3295,Thiago Emiliano da Silva,18395.0,Vinícius José Paixão de Oliveira Júnior,Complete,46.66155,73.3,34.9,110.4,6.6
3857269,2022-11-28,Group Stage,Switzerland,1,36,44,Brazil,18395,Vinícius José Paixão de Oliveira Júnior,6945.0,Alex Sandro Lobo Silva,Complete,9.5,108.3,7.4,98.8,7.4
3857269,2022-11-28,Group Stage,Switzerland,1,36,48,Brazil,6945,Alex Sandro Lobo Silva,9904.0,Frederico Rodrigues Santos,Complete,6.463745,103.2,23.8,97.9,27.5
3857269,2022-11-28,Group Stage,Switzerland,1,36,49,Brazil,9904,Frederico Rodrigues Santos,13620.0,Éder Gabriel Militão,Complete,15.966528,97.9,27.7,89.7,41.4
3857269,2022-11-28,Group Stage,Switzerland,1,37,30,Brazil,10595,Raphael Dias Belloli,9904.0,Frederico Rodrigues Santos,Complete,19.331322,120.0,0.1,103.9,10.8
3857269,2022-11-28,Group Stage,Switzerland,1,37,32,Brazil,9904,Frederico Rodrigues Santos,6945.0,Alex Sandro Lobo Silva,Complete,20.334208,103.9,10.8,88.1,23.6
3857269,2022-11-28,Group Stage,Switzerland,1,37,35,Brazil,6945,Alex Sandro Lobo Silva,10595.0,Raphael Dias Belloli,Complete,20.99762,88.1,23.6,108.0,16.9
3857269,2022-11-28,Group Stage,Switzerland,1,37,40,Brazil,10595,Raphael Dias Belloli,4372.0,Marcos Aoás Corrêa,Incomplete,17.813759,117.7,21.0,117.0,38.8
3857269,2022-11-28,Group Stage,Switzerland,1,38,44,Brazil,5547,Alisson Ramsés Becker,4372.0,Marcos Aoás Corrêa,Complete,12.924783,9.8,40.7,12.2,28.0
3857269,2022-11-28,Group Stage,Switzerland,1,38,51,Brazil,4372,Marcos Aoás Corrêa,3295.0,Thiago Emiliano da Silva,Complete,18.343937,24.4,22.2,18.9,39.7
3857269,2022-11-28,Group Stage,Switzerland,1,38,54,Brazil,3295,Thiago Emiliano da Silva,9904.0,Frederico Rodrigues Santos,Complete,12.909686,24.7,43.9,37.6,44.4
3857269,2022-11-28,Group Stage,Switzerland,1,38,57,Brazil,9904,Frederico Rodrigues Santos,4372.0,Marcos Aoás Corrêa,Complete,26.60545,38.1,43.9,34.8,17.5
3857269,2022-11-28,Group Stage,Switzerland,1,39,1,Brazil,4372,Marcos Aoás Corrêa,18395.0,Vinícius José Paixão de Oliveira Júnior,Incomplete,52.787308,43.9,22.4,96.4,16.9
3857269,2022-11-28,Group Stage,Switzerland,1,39,17,Brazil,6945,Alex Sandro Lobo Silva,22600.0,Lucas Tolentino Coelho de Lima,Complete,7.7103825,99.7,0.1,100.1,7.8
3857269,2022-11-28,Group Stage,Switzerland,1,39,18,Brazil,22600,Lucas Tolentino Coelho de Lima,6945.0,Alex Sandro Lobo Silva,Complete,4.2,100.1,7.8,100.1,3.6
3857269,2022-11-28,Group Stage,Switzerland,1,39,22,Brazil,6945,Alex Sandro Lobo Silva,4372.0,Marcos Aoás Corrêa,Complete,24.92268,84.7,11.3,61.2,3.0
3857269,2022-11-28,Group Stage,Switzerland,1,39,26,Brazil,4372,Marcos Aoás Corrêa,3295.0,Thiago Emiliano da Silva,Complete,30.63201,62.7,9.4,54.1,38.8
3857269,2022-11-28,Group Stage,Switzerland,1,39,30,Brazil,3295,Thiago Emiliano da Silva,4372.0,Marcos Aoás Corrêa,Complete,15.430165,54.1,38.6,56.1,23.3
3857269,2022-11-28,Group Stage,Switzerland,1,39,33,Brazil,4372,Marcos Aoás Corrêa,22600.0,Lucas Tolentino Coelho de Lima,Complete,12.010412,61.7,18.9,71.0,11.3
3857269,2022-11-28,Group Stage,Switzerland,1,39,35,Brazil,22600,Lucas Tolentino Coelho de Lima,4372.0,Marcos Aoás Corrêa,Complete,8.741854,71.0,11.3,65.9,18.4
3857269,2022-11-28,Group Stage,Switzerland,1,39,40,Brazil,4372,Marcos Aoás Corrêa,6945.0,Alex Sandro Lobo Silva,Complete,30.82353,75.8,20.5,103.0,6.0
3857269,2022-11-28,Group Stage,Switzerland,1,39,41,Brazil,6945,Alex Sandro Lobo Silva,18395.0,Vinícius José Paixão de Oliveira Júnior,Incomplete,17.604546,103.0,6.0,109.4,22.4
3857269,2022-11-28,Group Stage,Switzerland,1,39,50,Brazil,22600,Lucas Tolentino Coelho de Lima,5539.0,Carlos Henrique Casimiro,Complete,18.3,66.1,2.7,66.1,21.0
3857269,2022-11-28,Group Stage,Switzerland,1,39,51,Brazil,5539,Carlos Henrique Casimiro,3295.0,Thiago Emiliano da Silva,Complete,19.109423,66.6,20.3,49.2,28.2
3857269,2022-11-28,Group Stage,Switzerland,1,39,58,Brazil,3295,Thiago Emiliano da Silva,10595.0,Raphael Dias Belloli,Complete,43.13386,54.1,41.1,82.8,73.3
3857269,2022-11-28,Group Stage,Switzerland,1,40,3,Brazil,10595,Raphael Dias Belloli,3280.0,Richarlison de Andrade,Incomplete,30.30594,82.5,68.9,108.3,53.0
3857269,2022-11-28,Group Stage,Switzerland,1,41,23,Brazil,18395,Vinícius José Paixão de Oliveira Júnior,22600.0,Lucas Tolentino Coelho de Lima,Complete,5.491812,26.1,28.2,29.1,32.8
3857269,2022-11-28,Group Stage,Switzerland,1,41,26,Brazil,22600,Lucas Tolentino Coelho de Lima,3280.0,Richarlison de Andrade,Complete,51.112427,45.5,38.8,84.7,6.0
3857269,2022-11-28,Group Stage,Switzerland,1,41,46,Brazil,22600,Lucas Tolentino Coelho de Lima,6945.0,Alex Sandro Lobo Silva,Complete,8.417244,82.8,0.1,80.9,8.3
3857269,2022-11-28,Group Stage,Switzerland,1,41,50,Brazil,6945,Alex Sandro Lobo Silva,4372.0,Marcos Aoás Corrêa,Complete,20.068382,69.8,9.2,54.1,21.7
3857269,2022-11-28,Group Stage,Switzerland,1,41,53,Brazil,4372,Marcos Aoás Corrêa,3295.0,Thiago Emiliano da Silva,Complete,19.450449,54.1,21.7,55.5,41.1
3857269,2022-11-28,Group Stage,Switzerland,1,41,56,Brazil,3295,Thiago Emiliano da Silva,10595.0,Raphael Dias Belloli,Complete,39.54061,56.4,42.1,80.3,73.6
3857269,2022-11-28,Group Stage,Switzerland,1,41,59,Brazil,10595,Raphael Dias Belloli,13620.0,Éder Gabriel Militão,Complete,11.74138,80.9,67.5,72.4,59.4
3857269,2022-11-28,Group Stage,Switzerland,1,42,2,Brazil,13620,Éder Gabriel Militão,3295.0,Thiago Emiliano da Silva,Complete,15.533191,72.4,58.8,63.6,46.0
3857269,2022-11-28,Group Stage,Switzerland,1,42,6,Brazil,3295,Thiago Emiliano da Silva,4372.0,Marcos Aoás Corrêa,Complete,14.131525,64.5,39.7,69.8,26.6
3857269,2022-11-28,Group Stage,Switzerland,1,42,12,Brazil,4372,Marcos Aoás Corrêa,18395.0,Vinícius José Paixão de Oliveira Júnior,Complete,9.812747,82.3,22.4,92.1,22.9
3857269,2022-11-28,Group Stage,Switzerland,1,42,13,Brazil,18395,Vinícius José Paixão de Oliveira Júnior,4372.0,Marcos Aoás Corrêa,Complete,10.223991,92.1,22.4,81.9,21.7
3857269,2022-11-28,Group Stage,Switzerland,1,42,20,Brazil,4372,Marcos Aoás Corrêa,3295.0,Thiago Emiliano da Silva,Complete,31.926949,81.9,21.7,54.1,37.4
3857269,2022-11-28,Group Stage,Switzerland,1,42,23,Brazil,3295,Thiago Emiliano da Silva,13620.0,Éder Gabriel Militão,Complete,17.839283,59.9,38.2,65.9,55.0
3857269,2022-11-28,Group Stage,Switzerland,1,42,27,Brazil,13620,Éder Gabriel Militão,3295.0,Thiago Emiliano da Silva,Complete,22.723776,65.9,55.0,55.3,34.9
3857269,2022-11-28,Group Stage,Switzerland,1,42,29,Brazil,3295,Thiago Emiliano da Silva,4372.0,Marcos Aoás Corrêa,Complete,19.278227,55.3,34.9,63.6,17.5
3857269,2022-11-28,Group Stage,Switzerland,1,42,31,Brazil,4372,Marcos Aoás Corrêa,22600.0,Lucas Tolentino Coelho de Lima,Complete,18.513239,66.4,16.4,84.9,15.7
3857269,2022-11-28,Group Stage,Switzerland,1,42,34,Brazil,22600,Lucas Tolentino Coelho de Lima,4372.0,Marcos Aoás Corrêa,Complete,6.519202,78.2,15.2,71.7,14.7
3857269,2022-11-28,Group Stage,Switzerland,1,42,38,Brazil,4372,Marcos Aoás Corrêa,22600.0,Lucas Tolentino Coelho de Lima,Complete,8.852683,77.2,21.7,75.1,13.1
3857269,2022-11-28,Group Stage,Switzerland,1,42,41,Brazil,22600,Lucas Tolentino Coelho de Lima,4372.0,Marcos Aoás Corrêa,Complete,6.742403,77.0,13.6,80.9,19.1
3857269,2022-11-28,Group Stage,Switzerland,1,42,43,Brazil,4372,Marcos Aoás Corrêa,5539.0,Carlos Henrique Casimiro,Complete,12.80039,80.9,19.1,81.0,31.9
3857269,2022-11-28,Group Stage,Switzerland,1,42,45,Brazil,5539,Carlos Henrique Casimiro,18395.0,Vinícius José Paixão de Oliveira Júnior,Incomplete,20.833866,81.4,34.7,101.6,29.6
3857269,2022-11-28,Group Stage,Switzerland,1,42,51,Brazil,13620,Éder Gabriel Militão,9904.0,Frederico Rodrigues Santos,Complete,10.186265,81.6,44.8,88.6,37.4
3857269,2022-11-28,Group Stage,Switzerland,1,42,52,Brazil,9904,Frederico Rodrigues Santos,13620.0,Éder Gabriel Militão,Complete,3.3,88.6,37.2,85.3,37.2
3857269,2022-11-28,Group Stage,Switzerland,1,42,53,Brazil,13620,Éder Gabriel Militão,3295.0,Thiago Emiliano da Silva,Complete,21.986588,82.8,34.9,61.3,39.5
3857269,2022-11-28,Group Stage,Switzerland,1,42,56,Brazil,3295,Thiago Emiliano da Silva,10595.0,Raphael Dias Belloli,Complete,23.124878,61.3,39.5,76.3,57.1
3857269,2022-11-28,Group Stage,Switzerland,1,43,0,Brazil,10595,Raphael Dias Belloli,9904.0,Frederico Rodrigues Santos,Complete,8.159657,83.0,58.3,80.3,50.6
3857269,2022-11-28,Group Stage,Switzerland,1,43,1,Brazil,9904,Frederico Rodrigues Santos,10595.0,Raphael Dias Belloli,Complete,9.305912,80.5,52.5,81.9,61.7
3857269,2022-11-28,Group Stage,Switzerland,1,43,3,Brazil,10595,Raphael Dias Belloli,3295.0,Thiago Emiliano da Silva,Complete,21.940145,81.4,63.1,63.3,50.7
3857269,2022-11-28,Group Stage,Switzerland,1,43,9,Brazil,3295,Thiago Emiliano da Silva,10595.0,Raphael Dias Belloli,Complete,27.842594,74.4,53.2,96.9,69.6
3857269,2022-11-28,Group Stage,Switzerland,1,43,15,Brazil,10595,Raphael Dias Belloli,3280.0,Richarlison de Andrade,Incomplete,27.42426,110.3,66.9,113.8,39.7
3857269,2022-11-28,Group Stage,Switzerland,1,43,39,Brazil,10595,Raphael Dias Belloli,3295.0,Thiago Emiliano da Silva,Complete,36.840874,120.0,80.0,115.0,43.5
3857269,2022-11-28,Group Stage,Switzerland,1,44,23,Brazil,10595,Raphael Dias Belloli,,,Incomplete,37.33738,120.0,80.0,116.8,42.8
3857269,2022-11-28,Group Stage,Switzerland,1,44,28,Brazil,6945,Alex Sandro Lobo Silva,10595.0,Raphael Dias Belloli,Out,45.581135,84.9,37.7,119.9,66.9
3857269,2022-11-28,Group Stage,Switzerland,2,45,0,Brazil,3280,Richarlison de Andrade,5539.0,Carlos Henrique Casimiro,Complete,14.1014185,61.0,40.1,46.9,40.3
3857269,2022-11-28,Group Stage,Switzerland,2,45,1,Brazil,5539,Carlos Henrique Casimiro,25104.0,Rodrygo Silva de Goes,Complete,13.130879,46.4,39.7,47.3,26.6
3857269,2022-11-28,Group Stage,Switzerland,2,45,4,Brazil,25104,Rodrygo Silva de Goes,6945.0,Alex Sandro Lobo Silva,Complete,12.1,51.4,26.2,51.4,14.1
3857269,2022-11-28,Group Stage,Switzerland,2,45,6,Brazil,6945,Alex Sandro Lobo Silva,5539.0,Carlos Henrique Casimiro,Complete,16.43046,51.4,14.1,50.4,30.5
3857269,2022-11-28,Group Stage,Switzerland,2,45,9,Brazil,5539,Carlos Henrique Casimiro,4372.0,Marcos Aoás Corrêa,Complete,16.480595,49.7,32.0,39.7,45.1
3857269,2022-11-28,Group Stage,Switzerland,2,45,12,Brazil,4372,Marcos Aoás Corrêa,3295.0,Thiago Emiliano da Silva,Complete,13.6,44.3,46.6,44.3,33.0
3857269,2022-11-28,Group Stage,Switzerland,2,45,15,Brazil,3295,Thiago Emiliano da Silva,6945.0,Alex Sandro Lobo Silva,Complete,17.98249,46.8,28.5,55.2,12.6
3857269,2022-11-28,Group Stage,Switzerland,2,45,18,Brazil,6945,Alex Sandro Lobo Silva,3295.0,Thiago Emiliano da Silva,Complete,10.846659,55.0,13.4,46.8,20.5
3857269,2022-11-28,Group Stage,Switzerland,2,45,22,Brazil,3295,Thiago Emiliano da Silva,6945.0,Alex Sandro Lobo Silva,Complete,10.117806,58.1,22.9,58.7,12.8
3857269,2022-11-28,Group Stage,Switzerland,2,45,24,Brazil,6945,Alex Sandro Lobo Silva,4372.0,Marcos Aoás Corrêa,Complete,22.688322,57.9,12.8,45.5,31.8
3857269,2022-11-28,Group Stage,Switzerland,2,45,36,Brazil,4372,Marcos Aoás Corrêa,13620.0,Éder Gabriel Militão,Complete,12.241323,65.0,51.3,61.4,63.0
3857269,2022-11-28,Group Stage,Switzerland,2,45,40,Brazil,13620,Éder Gabriel Militão,4372.0,Marcos Aoás Corrêa,Complete,10.815729,53.8,62.6,50.5,52.3
3857269,2022-11-28,Group Stage,Switzerland,2,45,43,Brazil,4372,Marcos Aoás Corrêa,13620.0,Éder Gabriel Militão,Complete,10.977249,46.8,53.6,45.5,64.5
3857269,2022-11-28,Group Stage,Switzerland,2,45,45,Brazil,13620,Éder Gabriel Militão,5547.0,Alisson Ramsés Becker,Complete,32.812496,45.5,64.9,18.4,46.4
3857269,2022-11-28,Group Stage,Switzerland,2,45,50,Brazil,5547,Alisson Ramsés Becker,3295.0,Thiago Emiliano da Silva,Complete,16.362457,19.2,45.6,25.0,30.3
3857269,2022-11-28,Group Stage,Switzerland,2,45,53,Brazil,3295,Thiago Emiliano da Silva,6945.0,Alex Sandro Lobo Silva,Complete,27.973738,24.8,30.3,39.5,6.5
3857269,2022-11-28,Group Stage,Switzerland,2,45,56,Brazil,6945,Alex Sandro Lobo Silva,18395.0,Vinícius José Paixão de Oliveira Júnior,Pass Offside,58.966515,38.9,9.1,97.8,11.9
3857269,2022-11-28,Group Stage,Switzerland,2,46,34,Brazil,5539,Carlos Henrique Casimiro,3280.0,Richarlison de Andrade,Complete,28.648386,84.0,33.8,103.7,13.0
3857269,2022-11-28,Group Stage,Switzerland,2,46,39,Brazil,3280,Richarlison de Andrade,18395.0,Vinícius José Paixão de Oliveira Júnior,Incomplete,19.221342,106.6,19.0,110.1,37.9
3857269,2022-11-28,Group Stage,Switzerland,2,48,58,Brazil,6945,Alex Sandro Lobo Silva,3295.0,Thiago Emiliano da Silva,Complete,13.109538,44.3,0.1,32.4,5.6
3857269,2022-11-28,Group Stage,Switzerland,2,49,4,Brazil,3295,Thiago Emiliano da Silva,13620.0,Éder Gabriel Militão,Complete,32.555492,32.4,22.5,34.3,55.0
3857269,2022-11-28,Group Stage,Switzerland,2,49,9,Brazil,13620,Éder Gabriel Militão,4372.0,Marcos Aoás Corrêa,Complete,11.4337225,38.2,55.7,30.9,46.9
3857269,2022-11-28,Group Stage,Switzerland,2,49,12,Brazil,4372,Marcos Aoás Corrêa,3295.0,Thiago Emiliano da Silva,Complete,22.784424,35.4,37.7,44.7,16.9
3857269,2022-11-28,Group Stage,Switzerland,2,49,16,Brazil,3295,Thiago Emiliano da Silva,25104.0,Rodrygo Silva de Goes,Complete,9.404786,60.4,15.3,68.1,20.7
3857269,2022-11-28,Group Stage,Switzerland,2,49,17,Brazil,25104,Rodrygo Silva de Goes,3295.0,Thiago Emiliano da Silva,Complete,6.328507,68.1,19.7,62.7,16.4
3857269,2022-11-28,Group Stage,Switzerland,2,49,18,Brazil,3295,Thiago Emiliano da Silva,6945.0,Alex Sandro Lobo Silva,Complete,11.763078,62.2,15.4,67.3,4.8
3857269,2022-11-28,Group Stage,Switzerland,2,49,19,Brazil,6945,Alex Sandro Lobo Silva,3295.0,Thiago Emiliano da Silva,Complete,9.676776,64.0,8.0,54.8,11.0
3857269,2022-11-28,Group Stage,Switzerland,2,49,20,Brazil,3295,Thiago Emiliano da Silva,4372.0,Marcos Aoás Corrêa,Complete,26.802984,55.2,9.7,34.0,26.1
3857269,2022-11-28,Group Stage,Switzerland,2,49,25,Brazil,4372,Marcos Aoás Corrêa,13620.0,Éder Gabriel Militão,Complete,19.870832,39.1,31.3,41.7,51.0
3857269,2022-11-28,Group Stage,Switzerland,2,49,27,Brazil,13620,Éder Gabriel Militão,5539.0,Carlos Henrique Casimiro,Complete,18.752333,41.7,51.0,51.8,35.2
3857269,2022-11-28,Group Stage,Switzerland,2,49,28,Brazil,5539,Carlos Henrique Casimiro,9904.0,Frederico Rodrigues Santos,Complete,34.222946,51.1,33.3,57.6,66.9
3857269,2022-11-28,Group Stage,Switzerland,2,49,39,Brazil,9904,Frederico Rodrigues Santos,18395.0,Vinícius José Paixão de Oliveira Júnior,Complete,58.27195,52.0,50.3,88.9,5.2
3857269,2022-11-28,Group Stage,Switzerland,2,49,47,Brazil,18395,Vinícius José Paixão de Oliveira Júnior,6945.0,Alex Sandro Lobo Silva,Complete,12.254387,92.9,0.1,82.0,5.7
3857269,2022-11-28,Group Stage,Switzerland,2,49,49,Brazil,6945,Alex Sandro Lobo Silva,25104.0,Rodrygo Silva de Goes,Complete,5.108816,84.7,7.0,85.0,12.1
3857269,2022-11-28,Group Stage,Switzerland,2,50,27,Brazil,5539,Carlos Henrique Casimiro,6945.0,Alex Sandro Lobo Silva,Complete,3.6055512,84.5,7.0,80.9,7.2
3857269,2022-11-28,Group Stage,Switzerland,2,50,28,Brazil,6945,Alex Sandro Lobo Silva,4372.0,Marcos Aoás Corrêa,Complete,24.69757,79.6,11.0,71.7,34.4
3857269,2022-11-28,Group Stage,Switzerland,2,50,31,Brazil,4372,Marcos Aoás Corrêa,10595.0,Raphael Dias Belloli,Complete,31.092926,73.8,45.4,89.9,72.0
3857269,2022-11-28,Group Stage,Switzerland,2,50,38,Brazil,10595,Raphael Dias Belloli,25104.0,Rodrygo Silva de Goes,Incomplete,4.6400433,111.3,64.1,108.5,60.4
3857269,2022-11-28,Group Stage,Switzerland,2,50,52,Brazil,13620,Éder Gabriel Militão,9904.0,Frederico Rodrigues Santos,Complete,7.7620873,80.4,80.0,82.4,72.5
3857269,2022-11-28,Group Stage,Switzerland,2,50,53,Brazil,9904,Frederico Rodrigues Santos,13620.0,Éder Gabriel Militão,Complete,7.2470684,83.3,71.5,79.9,77.9
3857269,2022-11-28,Group Stage,Switzerland,2,50,55,Brazil,13620,Éder Gabriel Militão,4372.0,Marcos Aoás Corrêa,Complete,24.737017,74.7,76.8,50.1,74.2
3857269,2022-11-28,Group Stage,Switzerland,2,50,58,Brazil,4372,Marcos Aoás Corrêa,3295.0,Thiago Emiliano da Silva,Complete,34.359425,47.7,69.5,53.3,35.6
3857269,2022-11-28,Group Stage,Switzerland,2,51,3,Brazil,3295,Thiago Emiliano da Silva,4372.0,Marcos Aoás Corrêa,Complete,13.113733,56.1,35.9,55.5,49.0
3857269,2022-11-28,Group Stage,Switzerland,2,51,6,Brazil,4372,Marcos Aoás Corrêa,18395.0,Vinícius José Paixão de Oliveira Júnior,Complete,59.72102,57.0,51.0,95.8,5.6
3857269,2022-11-28,Group Stage,Switzerland,2,51,10,Brazil,18395,Vinícius José Paixão de Oliveira Júnior,25104.0,Rodrygo Silva de Goes,Complete,12.314626,96.3,3.9,89.4,14.1
3857269,2022-11-28,Group Stage,Switzerland,2,51,15,Brazil,25104,Rodrygo Silva de Goes,10595.0,Raphael Dias Belloli,Complete,35.032127,91.4,29.0,92.9,64.0
3857269,2022-11-28,Group Stage,Switzerland,2,51,19,Brazil,10595,Raphael Dias Belloli,25104.0,Rodrygo Silva de Goes,Incomplete,19.26266,93.7,65.3,105.0,49.7
3857269,2022-11-28,Group Stage,Switzerland,2,51,22,Brazil,6945,Alex Sandro Lobo Silva,9904.0,Frederico Rodrigues Santos,Complete,12.050311,84.7,30.5,85.8,42.5
3857269,2022-11-28,Group Stage,Switzerland,2,54,16,Brazil,5547,Alisson Ramsés Becker,10595.0,Raphael Dias Belloli,Incomplete,73.27974,13.0,27.7,76.6,64.1
3857269,2022-11-28,Group Stage,Switzerland,2,54,23,Brazil,13620,Éder Gabriel Militão,9904.0,Frederico Rodrigues Santos,Complete,6.2801275,51.2,62.8,57.4,63.8
3857269,2022-11-28,Group Stage,Switzerland,2,54,26,Brazil,9904,Frederico Rodrigues Santos,13620.0,Éder Gabriel Militão,Complete,8.143709,68.9,60.8,72.3,68.2
3857269,2022-11-28,Group Stage,Switzerland,2,54,28,Brazil,13620,Éder Gabriel Militão,3280.0,Richarlison de Andrade,Incomplete,23.938463,86.0,64.6,99.6,44.9
3857269,2022-11-28,Group Stage,Switzerland,2,54,40,Brazil,4372,Marcos Aoás Corrêa,3295.0,Thiago Emiliano da Silva,Complete,20.833866,53.5,80.0,40.4,63.8
3857269,2022-11-28,Group Stage,Switzerland,2,54,43,Brazil,3295,Thiago Emiliano da Silva,6945.0,Alex Sandro Lobo Silva,Complete,24.91907,41.4,54.6,49.4,31.0
3857269,2022-11-28,Group Stage,Switzerland,2,54,47,Brazil,6945,Alex Sandro Lobo Silva,25104.0,Rodrygo Silva de Goes,Complete,15.231874,51.2,27.6,66.3,25.6
3857269,2022-11-28,Group Stage,Switzerland,2,54,49,Brazil,25104,Rodrygo Silva de Goes,6945.0,Alex Sandro Lobo Silva,Complete,6.8883963,65.6,23.1,58.9,21.5
3857269,2022-11-28,Group Stage,Switzerland,2,54,51,Brazil,6945,Alex Sandro Lobo Silva,18395.0,Vinícius José Paixão de Oliveira Júnior,Complete,14.431216,62.4,15.3,72.9,5.4
3857269,2022-11-28,Group Stage,Switzerland,2,54,52,Brazil,18395,Vinícius José Paixão de Oliveira Júnior,6945.0,Alex Sandro Lobo Silva,Complete,8.908984,72.9,5.4,72.5,14.3
3857269,2022-11-28,Group Stage,Switzerland,2,54,55,Brazil,6945,Alex Sandro Lobo Silva,18395.0,Vinícius José Paixão de Oliveira Júnior,Out,42.203556,77.9,9.1,119.6,15.6
3857269,2022-11-28,Group Stage,Switzerland,2,55,34,Brazil,13620,Éder Gabriel Militão,4372.0,Marcos Aoás Corrêa,Complete,15.301307,51.1,80.0,36.9,74.3
3857269,2022-11-28,Group Stage,Switzerland,2,55,37,Brazil,4372,Marcos Aoás Corrêa,13620.0,Éder Gabriel Militão,Complete,5.0328918,38.7,74.8,42.5,78.1
3857269,2022-11-28,Group Stage,Switzerland,2,55,38,Brazil,13620,Éder Gabriel Militão,5547.0,Alisson Ramsés Becker,Complete,38.962162,41.5,77.9,14.1,50.2
3857269,2022-11-28,Group Stage,Switzerland,2,55,42,Brazil,5547,Alisson Ramsés Becker,,,Incomplete,3.342155,14.3,52.3,16.9,54.4
3857269,2022-11-28,Group Stage,Switzerland,2,55,51,Brazil,5539,Carlos Henrique Casimiro,9904.0,Frederico Rodrigues Santos,Complete,21.827734,61.5,44.3,82.9,40.0
3857269,2022-11-28,Group Stage,Switzerland,2,55,52,Brazil,9904,Frederico Rodrigues Santos,25104.0,Rodrygo Silva de Goes,Complete,12.709839,84.5,38.2,86.8,25.7
3857269,2022-11-28,Group Stage,Switzerland,2,55,54,Brazil,25104,Rodrygo Silva de Goes,18395.0,Vinícius José Paixão de Oliveira Júnior,Complete,18.816216,88.9,28.9,105.2,19.5
3857269,2022-11-28,Group Stage,Switzerland,2,55,56,Brazil,18395,Vinícius José Paixão de Oliveira Júnior,3280.0,Richarlison de Andrade,Out,59.441566,110.1,20.7,114.2,80.0
3857269,2022-11-28,Group Stage,Switzerland,2,56,33,Brazil,9904,Frederico Rodrigues Santos,,,Incomplete,11.63615,95.0,70.1,90.2,59.5
3857269,2022-11-28,Group Stage,Switzerland,2,56,38,Brazil,5539,Carlos Henrique Casimiro,13620.0,Éder Gabriel Militão,Complete,10.331021,77.0,58.5,72.3,67.7
3857269,2022-11-28,Group Stage,Switzerland,2,56,42,Brazil,13620,Éder Gabriel Militão,10595.0,Raphael Dias Belloli,Incomplete,5.263079,76.6,76.8,81.7,78.1
3857269,2022-11-28,Group Stage,Switzerland,2,56,46,Brazil,5539,Carlos Henrique Casimiro,13620.0,Éder Gabriel Militão,Unknown,6.306346,71.7,74.0,77.3,76.9
3857269,2022-11-28,Group Stage,Switzerland,2,56,52,Brazil,5539,Carlos Henrique Casimiro,4372.0,Marcos Aoás Corrêa,Complete,25.20496,76.0,72.7,51.2,68.2
3857269,2022-11-28,Group Stage,Switzerland,2,56,55,Brazil,4372,Marcos Aoás Corrêa,25104.0,Rodrygo Silva de Goes,Complete,37.05523,50.5,64.9,63.5,30.2
3857269,2022-11-28,Group Stage,Switzerland,2,57,9,Brazil,25104,Rodrygo Silva de Goes,6945.0,Alex Sandro Lobo Silva,Complete,17.629805,110.0,0.1,94.5,8.5
3857269,2022-11-28,Group Stage,Switzerland,2,57,14,Brazil,6945,Alex Sandro Lobo Silva,25104.0,Rodrygo Silva de Goes,Incomplete,3.1780498,87.8,8.5,90.9,7.8
3857269,2022-11-28,Group Stage,Switzerland,2,57,21,Brazil,6945,Alex Sandro Lobo Silva,25104.0,Rodrygo Silva de Goes,Complete,10.4,88.0,0.1,84.0,9.7
3857269,2022-11-28,Group Stage,Switzerland,2,57,22,Brazil,25104,Rodrygo Silva de Goes,3295.0,Thiago Emiliano da Silva,Complete,13.6,79.6,7.4,66.0,7.4
3857269,2022-11-28,Group Stage,Switzerland,2,57,24,Brazil,3295,Thiago Emiliano da Silva,25104.0,Rodrygo Silva de Goes,Complete,8.516455,66.9,7.7,75.1,10.0
3857269,2022-11-28,Group Stage,Switzerland,2,57,25,Brazil,25104,Rodrygo Silva de Goes,,,Out,21.023796,75.1,10.0,56.5,0.2
3857269,2022-11-28,Group Stage,Switzerland,2,58,40,Brazil,5539,Carlos Henrique Casimiro,3280.0,Richarlison de Andrade,Complete,24.86222,31.6,19.0,55.8,24.7
3857269,2022-11-28,Group Stage,Switzerland,2,59,23,Brazil,6945,Alex Sandro Lobo Silva,3295.0,Thiago Emiliano da Silva,Complete,13.309395,44.3,20.0,43.8,33.3
3857269,2022-11-28,Group Stage,Switzerland,2,59,24,Brazil,3295,Thiago Emiliano da Silva,25142.0,Bruno Guimarães Rodriguez Moura,Complete,5.770615,44.7,35.2,50.4,36.1
3857269,2022-11-28,Group Stage,Switzerland,2,59,41,Brazil,13620,Éder Gabriel Militão,10595.0,Raphael Dias Belloli,Complete,14.682302,13.6,51.6,25.5,60.2
3857269,2022-11-28,Group Stage,Switzerland,2,59,44,Brazil,10595,Raphael Dias Belloli,13620.0,Éder Gabriel Militão,Complete,6.2369866,32.0,65.8,38.1,64.5
3857269,2022-11-28,Group Stage,Switzerland,2,60,32,Brazil,3295,Thiago Emiliano da Silva,4372.0,Marcos Aoás Corrêa,Complete,8.364807,35.8,17.7,31.9,25.1
3857269,2022-11-28,Group Stage,Switzerland,2,60,38,Brazil,4372,Marcos Aoás Corrêa,13620.0,Éder Gabriel Militão,Complete,35.891224,31.5,26.2,35.2,61.9
3857269,2022-11-28,Group Stage,Switzerland,2,60,41,Brazil,13620,Éder Gabriel Militão,4372.0,Marcos Aoás Corrêa,Complete,6.16198,40.6,61.7,36.5,57.1
3857269,2022-11-28,Group Stage,Switzerland,2,60,44,Brazil,4372,Marcos Aoás Corrêa,3295.0,Thiago Emiliano da Silva,Complete,26.555979,36.1,53.1,41.0,27.0
3857269,2022-11-28,Group Stage,Switzerland,2,60,47,Brazil,3295,Thiago Emiliano da Silva,4372.0,Marcos Aoás Corrêa,Complete,22.82389,44.7,25.9,52.9,47.2
3857269,2022-11-28,Group Stage,Switzerland,2,60,53,Brazil,4372,Marcos Aoás Corrêa,13620.0,Éder Gabriel Militão,Complete,13.920488,74.2,52.5,61.5,58.2
3857269,2022-11-28,Group Stage,Switzerland,2,60,59,Brazil,13620,Éder Gabriel Militão,18395.0,Vinícius José Paixão de Oliveira Júnior,Complete,57.837097,69.7,55.7,100.9,7.0
3857269,2022-11-28,Group Stage,Switzerland,2,61,8,Brazil,18395,Vinícius José Paixão de Oliveira Júnior,6945.0,Alex Sandro Lobo Silva,Complete,12.4169235,99.1,15.6,111.4,13.9
3857269,2022-11-28,Group Stage,Switzerland,2,61,10,Brazil,6945,Alex Sandro Lobo Silva,3280.0,Richarlison de Andrade,Incomplete,13.243867,111.4,14.1,114.8,26.9
3857269,2022-11-28,Group Stage,Switzerland,2,61,38,Brazil,4372,Marcos Aoás Corrêa,13620.0,Éder Gabriel Militão,Complete,17.149343,64.7,34.8,71.6,50.5
3857269,2022-11-28,Group Stage,Switzerland,2,61,45,Brazil,13620,Éder Gabriel Militão,5539.0,Carlos Henrique Casimiro,Complete,10.604244,81.1,56.6,84.0,46.4
3857269,2022-11-28,Group Stage,Switzerland,2,61,46,Brazil,5539,Carlos Henrique Casimiro,10595.0,Raphael Dias Belloli,Incomplete,30.641802,83.9,45.3,114.5,46.9
3857269,2022-11-28,Group Stage,Switzerland,2,62,52,Brazil,10595,Raphael Dias Belloli,13620.0,Éder Gabriel Militão,Complete,15.023315,48.3,80.0,35.4,72.3
3857269,2022-11-28,Group Stage,Switzerland,2,62,56,Brazil,13620,Éder Gabriel Militão,25142.0,Bruno Guimarães Rodriguez Moura,Complete,8.072174,35.0,71.8,41.0,66.4
3857269,2022-11-28,Group Stage,Switzerland,2,62,59,Brazil,25142,Bruno Guimarães Rodriguez Moura,3295.0,Thiago Emiliano da Silva,Complete,29.315695,45.6,58.9,36.6,31.0
3857269,2022-11-28,Group Stage,Switzerland,2,63,5,Brazil,3295,Thiago Emiliano da Silva,4372.0,Marcos Aoás Corrêa,Complete,16.800297,41.4,30.0,41.5,46.8
3857269,2022-11-28,Group Stage,Switzerland,2,63,9,Brazil,4372,Marcos Aoás Corrêa,3295.0,Thiago Emiliano da Silva,Complete,16.850222,41.2,48.1,42.5,31.3
3857269,2022-11-28,Group Stage,Switzerland,2,63,13,Brazil,3295,Thiago Emiliano da Silva,6945.0,Alex Sandro Lobo Silva,Complete,17.395401,45.3,30.0,61.9,24.8
3857269,2022-11-28,Group Stage,Switzerland,2,63,15,Brazil,6945,Alex Sandro Lobo Silva,4372.0,Marcos Aoás Corrêa,Complete,18.738462,55.8,31.1,47.5,47.9
3857269,2022-11-28,Group Stage,Switzerland,2,63,18,Brazil,4372,Marcos Aoás Corrêa,25142.0,Bruno Guimarães Rodriguez Moura,Complete,10.511898,48.1,46.6,56.8,52.5
3857269,2022-11-28,Group Stage,Switzerland,2,63,21,Brazil,25142,Bruno Guimarães Rodriguez Moura,13620.0,Éder Gabriel Militão,Complete,15.140013,54.0,55.6,44.9,67.7
3857269,2022-11-28,Group Stage,Switzerland,2,63,23,Brazil,13620,Éder Gabriel Militão,25142.0,Bruno Guimarães Rodriguez Moura,Complete,5.635601,42.3,69.5,44.9,64.5
3857269,2022-11-28,Group Stage,Switzerland,2,63,26,Brazil,25142,Bruno Guimarães Rodriguez Moura,6945.0,Alex Sandro Lobo Silva,Complete,11.819053,42.7,62.8,50.7,54.1
3857269,2022-11-28,Group Stage,Switzerland,2,65,59,Brazil,5547,Alisson Ramsés Becker,4372.0,Marcos Aoás Corrêa,Complete,25.432655,9.5,24.6,13.6,49.7
3857269,2022-11-28,Group Stage,Switzerland,2,66,4,Brazil,4372,Marcos Aoás Corrêa,3295.0,Thiago Emiliano da Silva,Complete,28.408625,22.7,55.0,22.0,26.6
3857269,2022-11-28,Group Stage,Switzerland,2,66,7,Brazil,3295,Thiago Emiliano da Silva,6945.0,Alex Sandro Lobo Silva,Complete,13.146863,22.2,25.9,33.2,18.7
3857269,2022-11-28,Group Stage,Switzerland,2,66,10,Brazil,6945,Alex Sandro Lobo Silva,25104.0,Rodrygo Silva de Goes,Complete,6.332456,44.2,18.0,50.1,20.3
3857269,2022-11-28,Group Stage,Switzerland,2,66,14,Brazil,25104,Rodrygo Silva de Goes,10595.0,Raphael Dias Belloli,Incomplete,50.53197,52.2,26.6,89.4,60.8
3857269,2022-11-28,Group Stage,Switzerland,2,66,46,Brazil,13620,Éder Gabriel Militão,25104.0,Rodrygo Silva de Goes,Complete,27.652487,36.0,35.9,63.5,33.0
3857269,2022-11-28,Group Stage,Switzerland,2,66,48,Brazil,25104,Rodrygo Silva de Goes,,,Incomplete,20.151674,63.2,32.3,73.7,49.5
3857269,2022-11-28,Group Stage,Switzerland,2,67,4,Brazil,6945,Alex Sandro Lobo Silva,4372.0,Marcos Aoás Corrêa,Complete,17.30809,45.3,6.9,28.7,11.8
3857269,2022-11-28,Group Stage,Switzerland,2,67,7,Brazil,4372,Marcos Aoás Corrêa,25142.0,Bruno Guimarães Rodriguez Moura,Complete,18.686893,26.3,18.8,38.9,32.6
3857269,2022-11-28,Group Stage,Switzerland,2,67,11,Brazil,25142,Bruno Guimarães Rodriguez Moura,13620.0,Éder Gabriel Militão,Complete,9.521029,42.3,42.8,34.6,48.4
3857269,2022-11-28,Group Stage,Switzerland,2,67,14,Brazil,13620,Éder Gabriel Militão,4372.0,Marcos Aoás Corrêa,Complete,27.841156,34.6,48.4,37.4,20.7
3857269,2022-11-28,Group Stage,Switzerland,2,67,20,Brazil,4372,Marcos Aoás Corrêa,6945.0,Alex Sandro Lobo Silva,Complete,10.10198,49.7,14.3,55.0,5.7
3857269,2022-11-28,Group Stage,Switzerland,2,67,21,Brazil,6945,Alex Sandro Lobo Silva,5539.0,Carlos Henrique Casimiro,Complete,17.066048,56.3,6.5,57.8,23.5
3857269,2022-11-28,Group Stage,Switzerland,2,67,22,Brazil,5539,Carlos Henrique Casimiro,5547.0,Alisson Ramsés Becker,Unknown,16.54237,58.1,20.8,42.3,25.7
3857269,2022-11-28,Group Stage,Switzerland,2,68,11,Brazil,25104,Rodrygo Silva de Goes,5539.0,Carlos Henrique Casimiro,Complete,8.920202,36.3,27.9,41.7,20.8
3857269,2022-11-28,Group Stage,Switzerland,2,68,12,Brazil,5539,Carlos Henrique Casimiro,18395.0,Vinícius José Paixão de Oliveira Júnior,Complete,23.70021,42.3,24.6,60.4,9.3
3857269,2022-11-28,Group Stage,Switzerland,2,69,24,Brazil,10595,Raphael Dias Belloli,4372.0,Marcos Aoás Corrêa,Incomplete,22.938614,110.6,14.7,113.9,37.4
3857269,2022-11-28,Group Stage,Switzerland,2,69,27,Brazil,25104,Rodrygo Silva de Goes,6945.0,Alex Sandro Lobo Silva,Complete,12.903488,95.6,22.3,83.3,18.4
3857269,2022-11-28,Group Stage,Switzerland,2,69,30,Brazil,6945,Alex Sandro Lobo Silva,25104.0,Rodrygo Silva de Goes,Complete,24.575191,80.7,16.2,104.4,9.7
3857269,2022-11-28,Group Stage,Switzerland,2,69,34,Brazil,25104,Rodrygo Silva de Goes,10595.0,Raphael Dias Belloli,Incomplete,3.7121422,109.8,3.7,106.5,5.4
3857269,2022-11-28,Group Stage,Switzerland,2,69,39,Brazil,6945,Alex Sandro Lobo Silva,4372.0,Marcos Aoás Corrêa,Complete,33.28243,95.0,8.0,110.6,37.4
3857269,2022-11-28,Group Stage,Switzerland,2,70,9,Brazil,6945,Alex Sandro Lobo Silva,25104.0,Rodrygo Silva de Goes,Incomplete,15.383432,101.9,7.2,103.5,22.5
3857269,2022-11-28,Group Stage,Switzerland,2,70,57,Brazil,25142,Bruno Guimarães Rodriguez Moura,18395.0,Vinícius José Paixão de Oliveira Júnior,Complete,24.42642,47.1,38.4,66.3,23.3
3857269,2022-11-28,Group Stage,Switzerland,2,71,2,Brazil,18395,Vinícius José Paixão de Oliveira Júnior,3280.0,Richarlison de Andrade,Complete,13.635615,94.2,21.8,107.0,26.5
3857269,2022-11-28,Group Stage,Switzerland,2,71,38,Brazil,4372,Marcos Aoás Corrêa,13620.0,Éder Gabriel Militão,Complete,11.131936,57.0,77.7,67.6,74.3
3857269,2022-11-28,Group Stage,Switzerland,2,71,41,Brazil,13620,Éder Gabriel Militão,25142.0,Bruno Guimarães Rodriguez Moura,Complete,6.328507,67.1,71.2,61.7,67.9
3857269,2022-11-28,Group Stage,Switzerland,2,71,44,Brazil,25142,Bruno Guimarães Rodriguez Moura,5539.0,Carlos Henrique Casimiro,Complete,19.192968,60.0,59.5,68.1,42.1
3857269,2022-11-28,Group Stage,Switzerland,2,71,49,Brazil,5539,Carlos Henrique Casimiro,25104.0,Rodrygo Silva de Goes,Complete,8.2,75.8,49.4,75.8,41.2
3857269,2022-11-28,Group Stage,Switzerland,2,71,53,Brazil,25104,Rodrygo Silva de Goes,5539.0,Carlos Henrique Casimiro,Complete,8.237719,81.1,40.0,82.6,48.1
3857269,2022-11-28,Group Stage,Switzerland,2,71,55,Brazil,5539,Carlos Henrique Casimiro,3280.0,Richarlison de Andrade,Complete,15.454773,84.2,45.9,99.6,47.2
3857269,2022-11-28,Group Stage,Switzerland,2,72,2,Brazil,4372,Marcos Aoás Corrêa,6945.0,Alex Sandro Lobo Silva,Complete,21.15136,78.1,49.7,70.4,30.0
3857269,2022-11-28,Group Stage,Switzerland,2,72,3,Brazil,6945,Alex Sandro Lobo Silva,3295.0,Thiago Emiliano da Silva,Complete,17.753027,71.9,31.1,57.3,41.2
3857269,2022-11-28,Group Stage,Switzerland,2,72,8,Brazil,3295,Thiago Emiliano da Silva,4372.0,Marcos Aoás Corrêa,Complete,16.918924,61.9,35.1,62.7,52.0
3857269,2022-11-28,Group Stage,Switzerland,2,72,13,Brazil,4372,Marcos Aoás Corrêa,25142.0,Bruno Guimarães Rodriguez Moura,Complete,10.141499,71.0,47.5,73.2,57.4
3857269,2022-11-28,Group Stage,Switzerland,2,72,16,Brazil,25142,Bruno Guimarães Rodriguez Moura,10595.0,Raphael Dias Belloli,Complete,22.831995,77.8,58.9,90.9,77.6
3857269,2022-11-28,Group Stage,Switzerland,2,72,19,Brazil,10595,Raphael Dias Belloli,25142.0,Bruno Guimarães Rodriguez Moura,Complete,18.365728,95.5,75.9,113.2,71.0
3857269,2022-11-28,Group Stage,Switzerland,2,72,22,Brazil,25142,Bruno Guimarães Rodriguez Moura,3280.0,Richarlison de Andrade,Incomplete,10.983624,118.3,59.5,116.3,48.7
3857269,2022-11-28,Group Stage,Switzerland,2,73,7,Brazil,13620,Éder Gabriel Militão,25363.0,Antony Matheus dos Santos,Complete,8.228001,103.5,80.0,100.6,72.3
3857269,2022-11-28,Group Stage,Switzerland,2,73,10,Brazil,25363,Antony Matheus dos Santos,5539.0,Carlos Henrique Casimiro,Complete,14.647867,96.2,73.5,84.2,65.1
3857269,2022-11-28,Group Stage,Switzerland,2,73,13,Brazil,5539,Carlos Henrique Casimiro,6945.0,Alex Sandro Lobo Silva,Complete,15.119855,83.9,53.6,85.8,38.6
3857269,2022-11-28,Group Stage,Switzerland,2,73,16,Brazil,6945,Alex Sandro Lobo Silva,18395.0,Vinícius José Paixão de Oliveira Júnior,Complete,24.824383,85.8,35.4,97.3,13.4
3857269,2022-11-28,Group Stage,Switzerland,2,73,18,Brazil,18395,Vinícius José Paixão de Oliveira Júnior,,,Incomplete,33.260937,96.0,12.6,115.0,39.9
3857269,2022-11-28,Group Stage,Switzerland,2,73,25,Brazil,4372,Marcos Aoás Corrêa,13620.0,Éder Gabriel Militão,Complete,10.826818,75.7,60.4,85.8,64.3
3857269,2022-11-28,Group Stage,Switzerland,2,73,28,Brazil,13620,Éder Gabriel Militão,25363.0,Antony Matheus dos Santos,Complete,9.700516,91.9,72.7,101.6,72.8
3857269,2022-11-28,Group Stage,Switzerland,2,73,31,Brazil,25363,Antony Matheus dos Santos,3202.0,Gabriel Fernando de Jesus,Incomplete,24.972986,107.6,71.2,111.9,46.6
3857269,2022-11-28,Group Stage,Switzerland,2,73,34,Brazil,4372,Marcos Aoás Corrêa,,,Incomplete,28.240751,85.3,53.3,90.8,25.6
3857269,2022-11-28,Group Stage,Switzerland,2,73,45,Brazil,4372,Marcos Aoás Corrêa,5539.0,Carlos Henrique Casimiro,Complete,14.674127,60.0,32.4,74.2,36.1
3857269,2022-11-28,Group Stage,Switzerland,2,73,49,Brazil,5539,Carlos Henrique Casimiro,18395.0,Vinícius José Paixão de Oliveira Júnior,Complete,29.16059,75.7,28.2,90.2,2.9
3857269,2022-11-28,Group Stage,Switzerland,2,74,4,Brazil,6945,Alex Sandro Lobo Silva,5539.0,Carlos Henrique Casimiro,Complete,12.868955,106.0,0.1,96.0,8.2
3857269,2022-11-28,Group Stage,Switzerland,2,74,8,Brazil,5539,Carlos Henrique Casimiro,3295.0,Thiago Emiliano da Silva,Complete,14.812494,85.8,10.8,71.2,13.3
3857269,2022-11-28,Group Stage,Switzerland,2,74,14,Brazil,3295,Thiago Emiliano da Silva,4372.0,Marcos Aoás Corrêa,Complete,25.8062,71.6,23.1,65.2,48.1
3857269,2022-11-28,Group Stage,Switzerland,2,74,19,Brazil,4372,Marcos Aoás Corrêa,5539.0,Carlos Henrique Casimiro,Complete,18.420097,71.9,50.7,81.2,34.8
3857269,2022-11-28,Group Stage,Switzerland,2,74,21,Brazil,5539,Carlos Henrique Casimiro,6945.0,Alex Sandro Lobo Silva,Complete,15.339492,81.9,31.3,79.2,16.2
3857269,2022-11-28,Group Stage,Switzerland,2,74,23,Brazil,6945,Alex Sandro Lobo Silva,18395.0,Vinícius José Paixão de Oliveira Júnior,Complete,20.365166,79.1,14.7,98.4,8.2
3857269,2022-11-28,Group Stage,Switzerland,2,75,36,Brazil,25104,Rodrygo Silva de Goes,,,Out,51.657528,97.5,2.4,120.0,48.9
3857269,2022-11-28,Group Stage,Switzerland,2,76,13,Brazil,6945,Alex Sandro Lobo Silva,5539.0,Carlos Henrique Casimiro,Complete,15.2,30.4,9.3,45.6,9.3
3857269,2022-11-28,Group Stage,Switzerland,2,76,15,Brazil,5539,Carlos Henrique Casimiro,25142.0,Bruno Guimarães Rodriguez Moura,Complete,13.843771,45.3,9.5,46.4,23.3
3857269,2022-11-28,Group Stage,Switzerland,2,76,18,Brazil,25142,Bruno Guimarães Rodriguez Moura,5539.0,Carlos Henrique Casimiro,Complete,9.604687,44.9,16.0,47.3,6.7
3857269,2022-11-28,Group Stage,Switzerland,2,76,19,Brazil,5539,Carlos Henrique Casimiro,6945.0,Alex Sandro Lobo Silva,Complete,12.611503,47.3,6.5,36.0,12.1
3857269,2022-11-28,Group Stage,Switzerland,2,76,21,Brazil,6945,Alex Sandro Lobo Silva,3295.0,Thiago Emiliano da Silva,Complete,10.489042,36.0,12.3,28.1,19.2
3857269,2022-11-28,Group Stage,Switzerland,2,76,23,Brazil,3295,Thiago Emiliano da Silva,25142.0,Bruno Guimarães Rodriguez Moura,Complete,8.728115,27.6,22.8,36.3,23.5
3857269,2022-11-28,Group Stage,Switzerland,2,76,27,Brazil,25142,Bruno Guimarães Rodriguez Moura,,,Incomplete,62.37852,41.0,28.9,95.8,58.7
3857269,2022-11-28,Group Stage,Switzerland,2,76,33,Brazil,25363,Antony Matheus dos Santos,4372.0,Marcos Aoás Corrêa,Complete,23.165924,69.3,59.1,46.4,55.6
3857269,2022-11-28,Group Stage,Switzerland,2,76,37,Brazil,4372,Marcos Aoás Corrêa,25142.0,Bruno Guimarães Rodriguez Moura,Complete,13.72953,48.6,57.6,56.1,46.1
3857269,2022-11-28,Group Stage,Switzerland,2,76,40,Brazil,25142,Bruno Guimarães Rodriguez Moura,6945.0,Alex Sandro Lobo Silva,Complete,18.202473,63.5,41.8,63.2,23.6
3857269,2022-11-28,Group Stage,Switzerland,2,76,43,Brazil,6945,Alex Sandro Lobo Silva,25104.0,Rodrygo Silva de Goes,Complete,11.200446,61.5,21.6,71.2,27.2
3857269,2022-11-28,Group Stage,Switzerland,2,76,45,Brazil,25104,Rodrygo Silva de Goes,3295.0,Thiago Emiliano da Silva,Complete,14.436759,69.3,25.6,55.2,28.7
3857269,2022-11-28,Group Stage,Switzerland,2,76,48,Brazil,3295,Thiago Emiliano da Silva,4372.0,Marcos Aoás Corrêa,Complete,21.92282,54.0,28.3,55.0,50.2
3857269,2022-11-28,Group Stage,Switzerland,2,76,50,Brazil,4372,Marcos Aoás Corrêa,3295.0,Thiago Emiliano da Silva,Complete,17.501143,53.5,54.4,53.7,36.9
3857269,2022-11-28,Group Stage,Switzerland,2,76,55,Brazil,3295,Thiago Emiliano da Silva,4372.0,Marcos Aoás Corrêa,Complete,16.786304,57.4,34.3,59.1,51.0
3857269,2022-11-28,Group Stage,Switzerland,2,76,57,Brazil,4372,Marcos Aoás Corrêa,25363.0,Antony Matheus dos Santos,Complete,29.296587,62.4,59.1,84.7,78.1
3857269,2022-11-28,Group Stage,Switzerland,2,77,1,Brazil,25363,Antony Matheus dos Santos,25142.0,Bruno Guimarães Rodriguez Moura,Complete,7.2006946,84.2,76.9,78.5,72.5
3857269,2022-11-28,Group Stage,Switzerland,2,77,4,Brazil,25142,Bruno Guimarães Rodriguez Moura,6945.0,Alex Sandro Lobo Silva,Complete,18.650738,80.6,66.0,72.5,49.2
3857269,2022-11-28,Group Stage,Switzerland,2,77,6,Brazil,6945,Alex Sandro Lobo Silva,4372.0,Marcos Aoás Corrêa,Complete,12.944883,73.0,53.0,68.4,65.1
3857269,2022-11-28,Group Stage,Switzerland,2,77,8,Brazil,4372,Marcos Aoás Corrêa,3295.0,Thiago Emiliano da Silva,Complete,27.452686,65.8,62.6,64.1,35.2
3857269,2022-11-28,Group Stage,Switzerland,2,77,11,Brazil,3295,Thiago Emiliano da Silva,25142.0,Bruno Guimarães Rodriguez Moura,Complete,11.272089,60.9,35.4,71.4,31.3
3857269,2022-11-28,Group Stage,Switzerland,2,77,14,Brazil,25142,Bruno Guimarães Rodriguez Moura,3295.0,Thiago Emiliano da Silva,Complete,12.0415945,75.7,27.7,63.7,28.7
3857269,2022-11-28,Group Stage,Switzerland,2,77,17,Brazil,3295,Thiago Emiliano da Silva,6945.0,Alex Sandro Lobo Silva,Complete,12.234786,63.4,28.7,72.2,37.2
3857269,2022-11-28,Group Stage,Switzerland,2,77,20,Brazil,6945,Alex Sandro Lobo Silva,3295.0,Thiago Emiliano da Silva,Complete,5.994164,68.4,39.7,65.6,34.4
3857269,2022-11-28,Group Stage,Switzerland,2,77,27,Brazil,3295,Thiago Emiliano da Silva,5539.0,Carlos Henrique Casimiro,Complete,14.707821,59.4,35.8,73.0,30.2
3857269,2022-11-28,Group Stage,Switzerland,2,77,29,Brazil,5539,Carlos Henrique Casimiro,3202.0,Gabriel Fernando de Jesus,Out,54.271908,74.0,30.7,120.0,59.5
3857269,2022-11-28,Group Stage,Switzerland,2,78,0,Brazil,4372,Marcos Aoás Corrêa,25363.0,Antony Matheus dos Santos,Complete,8.969393,66.8,64.0,74.5,68.6
3857269,2022-11-28,Group Stage,Switzerland,2,78,54,Brazil,25363,Antony Matheus dos Santos,,,Incomplete,42.23032,94.3,77.6,116.7,41.8
3857269,2022-11-28,Group Stage,Switzerland,2,79,44,Brazil,5547,Alisson Ramsés Becker,4372.0,Marcos Aoás Corrêa,Complete,9.349332,7.0,44.1,12.0,52.0
3857269,2022-11-28,Group Stage,Switzerland,2,79,49,Brazil,4372,Marcos Aoás Corrêa,25142.0,Bruno Guimarães Rodriguez Moura,Complete,11.7046995,15.8,51.6,27.0,55.0
3857269,2022-11-28,Group Stage,Switzerland,2,79,53,Brazil,25142,Bruno Guimarães Rodriguez Moura,4372.0,Marcos Aoás Corrêa,Complete,9.457801,35.8,58.2,27.9,53.0
3857269,2022-11-28,Group Stage,Switzerland,2,79,55,Brazil,4372,Marcos Aoás Corrêa,3295.0,Thiago Emiliano da Silva,Complete,27.269396,27.9,53.0,35.8,26.9
3857269,2022-11-28,Group Stage,Switzerland,2,80,5,Brazil,3295,Thiago Emiliano da Silva,25142.0,Bruno Guimarães Rodriguez Moura,Complete,14.686048,45.1,35.6,57.9,42.8
3857269,2022-11-28,Group Stage,Switzerland,2,80,8,Brazil,25142,Bruno Guimarães Rodriguez Moura,5539.0,Carlos Henrique Casimiro,Complete,12.391126,57.4,37.9,55.9,25.6
3857269,2022-11-28,Group Stage,Switzerland,2,80,9,Brazil,5539,Carlos Henrique Casimiro,25104.0,Rodrygo Silva de Goes,Incomplete,15.890248,55.9,25.7,62.4,40.2
3857269,2022-11-28,Group Stage,Switzerland,2,80,14,Brazil,3202,Gabriel Fernando de Jesus,25363.0,Antony Matheus dos Santos,Complete,23.773935,71.2,57.4,87.4,74.8
3857269,2022-11-28,Group Stage,Switzerland,2,80,21,Brazil,25363,Antony Matheus dos Santos,5539.0,Carlos Henrique Casimiro,Complete,12.164292,95.8,55.7,90.4,44.8
3857269,2022-11-28,Group Stage,Switzerland,2,80,22,Brazil,5539,Carlos Henrique Casimiro,,,Incomplete,4.031129,93.0,44.0,96.5,42.0
3857269,2022-11-28,Group Stage,Switzerland,2,80,54,Brazil,25363,Antony Matheus dos Santos,,,Incomplete,39.062,120.0,80.0,117.8,41.0
3857269,2022-11-28,Group Stage,Switzerland,2,81,46,Brazil,5539,Carlos Henrique Casimiro,25142.0,Bruno Guimarães Rodriguez Moura,Complete,20.122873,26.3,8.5,38.1,24.8
3857269,2022-11-28,Group Stage,Switzerland,2,81,48,Brazil,25142,Bruno Guimarães Rodriguez Moura,25104.0,Rodrygo Silva de Goes,Complete,3.640055,37.4,22.1,40.8,20.8
3857269,2022-11-28,Group Stage,Switzerland,2,81,55,Brazil,25104,Rodrygo Silva de Goes,13620.0,Éder Gabriel Militão,Complete,19.440165,63.5,50.5,75.1,66.1
3857269,2022-11-28,Group Stage,Switzerland,2,81,59,Brazil,13620,Éder Gabriel Militão,25363.0,Antony Matheus dos Santos,Complete,11.8,87.3,77.6,87.3,65.8
3857269,2022-11-28,Group Stage,Switzerland,2,82,3,Brazil,25363,Antony Matheus dos Santos,25142.0,Bruno Guimarães Rodriguez Moura,Complete,7.9120164,89.3,67.1,81.7,64.9
3857269,2022-11-28,Group Stage,Switzerland,2,82,5,Brazil,25142,Bruno Guimarães Rodriguez Moura,4372.0,Marcos Aoás Corrêa,Complete,30.37252,81.7,64.5,73.7,35.2
3857269,2022-11-28,Group Stage,Switzerland,2,82,9,Brazil,4372,Marcos Aoás Corrêa,18395.0,Vinícius José Paixão de Oliveira Júnior,Complete,28.825163,81.4,29.5,100.6,8.0
3857269,2022-11-28,Group Stage,Switzerland,2,82,13,Brazil,18395,Vinícius José Paixão de Oliveira Júnior,25104.0,Rodrygo Silva de Goes,Complete,11.30177,99.8,19.0,99.6,30.3
3857269,2022-11-28,Group Stage,Switzerland,2,82,14,Brazil,25104,Rodrygo Silva de Goes,5539.0,Carlos Henrique Casimiro,Complete,6.747592,99.9,30.5,106.6,29.7
3857269,2022-11-28,Group Stage,Switzerland,2,84,28,Brazil,5547,Alisson Ramsés Becker,3202.0,Gabriel Fernando de Jesus,Incomplete,72.89287,15.6,42.3,86.0,61.2
3857269,2022-11-28,Group Stage,Switzerland,2,84,51,Brazil,13620,Éder Gabriel Militão,25142.0,Bruno Guimarães Rodriguez Moura,Complete,11.399123,86.8,80.0,88.3,68.7
3857269,2022-11-28,Group Stage,Switzerland,2,84,52,Brazil,25142,Bruno Guimarães Rodriguez Moura,3202.0,Gabriel Fernando de Jesus,Out,30.647186,89.4,67.7,120.0,66.0
3857269,2022-11-28,Group Stage,Switzerland,2,85,39,Brazil,11183,Alex Nicolao Telles,5539.0,Carlos Henrique Casimiro,Complete,10.756393,54.6,0.1,58.3,10.2
3857269,2022-11-28,Group Stage,Switzerland,2,85,45,Brazil,5539,Carlos Henrique Casimiro,25363.0,Antony Matheus dos Santos,Complete,60.24699,58.9,11.1,85.0,65.4
3857269,2022-11-28,Group Stage,Switzerland,2,86,12,Brazil,11183,Alex Nicolao Telles,18395.0,Vinícius José Paixão de Oliveira Júnior,Complete,9.32309,69.7,33.3,78.3,29.7
3857269,2022-11-28,Group Stage,Switzerland,2,86,17,Brazil,18395,Vinícius José Paixão de Oliveira Júnior,25104.0,Rodrygo Silva de Goes,Complete,10.846659,77.8,29.0,88.1,32.4
3857269,2022-11-28,Group Stage,Switzerland,2,86,18,Brazil,25104,Rodrygo Silva de Goes,11183.0,Alex Nicolao Telles,Complete,7.2615423,87.3,31.1,84.5,24.4
3857269,2022-11-28,Group Stage,Switzerland,2,86,19,Brazil,11183,Alex Nicolao Telles,3202.0,Gabriel Fernando de Jesus,Complete,14.71224,82.2,19.4,96.0,14.3
3857269,2022-11-28,Group Stage,Switzerland,2,86,22,Brazil,3202,Gabriel Fernando de Jesus,25104.0,Rodrygo Silva de Goes,Complete,10.438869,105.9,14.7,105.0,25.1
3857269,2022-11-28,Group Stage,Switzerland,2,86,40,Brazil,25104,Rodrygo Silva de Goes,11183.0,Alex Nicolao Telles,Complete,21.606712,120.0,0.1,99.7,7.5
3857269,2022-11-28,Group Stage,Switzerland,2,86,43,Brazil,11183,Alex Nicolao Telles,25104.0,Rodrygo Silva de Goes,Complete,5.658622,105.0,6.7,109.1,2.8
3857269,2022-11-28,Group Stage,Switzerland,2,86,44,Brazil,25104,Rodrygo Silva de Goes,3295.0,Thiago Emiliano da Silva,Complete,23.889118,108.3,2.6,88.8,16.4
3857269,2022-11-28,Group Stage,Switzerland,2,86,48,Brazil,3295,Thiago Emiliano da Silva,25363.0,Antony Matheus dos Santos,Complete,37.730755,89.4,22.0,101.9,57.6
3857269,2022-11-28,Group Stage,Switzerland,2,87,33,Brazil,13620,Éder Gabriel Militão,3202.0,Gabriel Fernando de Jesus,Unknown,33.20256,55.8,80.0,83.7,62.0
3857269,2022-11-28,Group Stage,Switzerland,2,88,24,Brazil,11183,Alex Nicolao Telles,13620.0,Éder Gabriel Militão,Incomplete,45.131363,87.6,61.3,118.6,28.5
3857269,2022-11-28,Group Stage,Switzerland,2,88,55,Brazil,25363,Antony Matheus dos Santos,3202.0,Gabriel Fernando de Jesus,Incomplete,4.080441,98.4,79.0,99.6,75.1
3857269,2022-11-28,Group Stage,Switzerland,2,89,45,Brazil,25142,Bruno Guimarães Rodriguez Moura,25363.0,Antony Matheus dos Santos,Complete,8.17435,96.0,71.2,98.1,63.3
3857269,2022-11-28,Group Stage,Switzerland,2,89,46,Brazil,25363,Antony Matheus dos Santos,25104.0,Rodrygo Silva de Goes,Complete,14.094325,97.7,60.0,102.9,73.1
3857269,2022-11-28,Group Stage,Switzerland,2,89,49,Brazil,25104,Rodrygo Silva de Goes,25142.0,Bruno Guimarães Rodriguez Moura,Complete,8.023091,104.2,73.3,96.8,70.2
3857269,2022-11-28,Group Stage,Switzerland,2,89,51,Brazil,25142,Bruno Guimarães Rodriguez Moura,25363.0,Antony Matheus dos Santos,Complete,4.464303,96.8,70.1,95.6,65.8
3857269,2022-11-28,Group Stage,Switzerland,2,89,52,Brazil,25363,Antony Matheus dos Santos,25104.0,Rodrygo Silva de Goes,Complete,10.920165,95.6,65.8,98.6,76.3
3857269,2022-11-28,Group Stage,Switzerland,2,89,54,Brazil,25104,Rodrygo Silva de Goes,25142.0,Bruno Guimarães Rodriguez Moura,Complete,5.2201533,98.6,76.3,100.4,71.4
3857269,2022-11-28,Group Stage,Switzerland,2,89,55,Brazil,25142,Bruno Guimarães Rodriguez Moura,25104.0,Rodrygo Silva de Goes,Incomplete,4.280187,100.4,71.4,97.8,74.8
3857269,2022-11-28,Group Stage,Switzerland,2,90,2,Brazil,11183,Alex Nicolao Telles,5547.0,Alisson Ramsés Becker,Complete,25.076881,40.2,27.9,16.4,35.8
3857269,2022-11-28,Group Stage,Switzerland,2,90,5,Brazil,5547,Alisson Ramsés Becker,11183.0,Alex Nicolao Telles,Complete,20.580574,14.8,33.0,26.4,16.0
3857269,2022-11-28,Group Stage,Switzerland,2,90,8,Brazil,11183,Alex Nicolao Telles,3295.0,Thiago Emiliano da Silva,Complete,11.447707,22.3,8.5,15.1,17.4
3857269,2022-11-28,Group Stage,Switzerland,2,90,11,Brazil,3295,Thiago Emiliano da Silva,,,Incomplete,29.222593,12.7,14.1,41.7,17.7
3857269,2022-11-28,Group Stage,Switzerland,2,90,41,Brazil,5547,Alisson Ramsés Becker,3202.0,Gabriel Fernando de Jesus,Incomplete,86.97453,5.0,56.6,91.9,60.2
3857269,2022-11-28,Group Stage,Switzerland,2,91,29,Brazil,13620,Éder Gabriel Militão,,,Incomplete,30.242023,11.3,77.2,41.0,71.5
3857269,2022-11-28,Group Stage,Switzerland,2,91,35,Brazil,5539,Carlos Henrique Casimiro,,,Incomplete,10.044899,31.5,60.2,41.4,58.5
3857269,2022-11-28,Group Stage,Switzerland,2,92,19,Brazil,25363,Antony Matheus dos Santos,13620.0,Éder Gabriel Militão,Complete,7.106335,19.4,64.6,12.3,64.9
3857269,2022-11-28,Group Stage,Switzerland,2,92,21,Brazil,13620,Éder Gabriel Militão,3202.0,Gabriel Fernando de Jesus,Complete,38.05522,12.3,64.9,50.1,60.5
3857269,2022-11-28,Group Stage,Switzerland,2,92,26,Brazil,3202,Gabriel Fernando de Jesus,18395.0,Vinícius José Paixão de Oliveira Júnior,Complete,28.643497,55.0,46.4,81.1,34.6
3857269,2022-11-28,Group Stage,Switzerland,2,93,22,Brazil,3295,Thiago Emiliano da Silva,18395.0,Vinícius José Paixão de Oliveira Júnior,Complete,45.642197,51.8,26.4,97.3,30.0
3857269,2022-11-28,Group Stage,Switzerland,2,93,25,Brazil,18395,Vinícius José Paixão de Oliveira Júnior,25104.0,Rodrygo Silva de Goes,Complete,14.25798,98.1,29.8,105.8,41.8
3857269,2022-11-28,Group Stage,Switzerland,2,93,49,Brazil,25363,Antony Matheus dos Santos,25104.0,Rodrygo Silva de Goes,Complete,3.4928498,120.0,80.0,118.6,76.8
3857269,2022-11-28,Group Stage,Switzerland,2,93,52,Brazil,25104,Rodrygo Silva de Goes,25142.0,Bruno Guimarães Rodriguez Moura,Complete,20.287188,117.6,75.5,99.0,67.4
3857269,2022-11-28,Group Stage,Switzerland,2,93,54,Brazil,25142,Bruno Guimarães Rodriguez Moura,5539.0,Carlos Henrique Casimiro,Complete,10.495713,97.1,65.6,88.1,60.2
3857269,2022-11-28,Group Stage,Switzerland,2,93,56,Brazil,5539,Carlos Henrique Casimiro,4372.0,Marcos Aoás Corrêa,Complete,11.031773,86.5,56.4,78.8,64.3
3857269,2022-11-28,Group Stage,Switzerland,2,93,58,Brazil,4372,Marcos Aoás Corrêa,25363.0,Antony Matheus dos Santos,Complete,10.217632,84.2,70.5,90.8,78.3
3857269,2022-11-28,Group Stage,Switzerland,2,94,0,Brazil,25363,Antony Matheus dos Santos,4372.0,Marcos Aoás Corrêa,Complete,17.17469,90.1,77.2,73.0,75.6
3857269,2022-11-28,Group Stage,Switzerland,2,94,3,Brazil,4372,Marcos Aoás Corrêa,3295.0,Thiago Emiliano da Silva,Complete,33.3997,66.3,74.6,57.8,42.3
3857269,2022-11-28,Group Stage,Switzerland,2,94,7,Brazil,3295,Thiago Emiliano da Silva,11183.0,Alex Nicolao Telles,Complete,26.160275,53.7,29.5,69.3,8.5
3857269,2022-11-28,Group Stage,Switzerland,2,94,10,Brazil,11183,Alex Nicolao Telles,18395.0,Vinícius José Paixão de Oliveira Júnior,Complete,7.5504966,72.7,3.7,80.1,5.2
3857269,2022-11-28,Group Stage,Switzerland,2,94,12,Brazil,25104,Rodrygo Silva de Goes,18395.0,Vinícius José Paixão de Oliveira Júnior,Complete,5.2009616,84.0,5.6,88.1,2.4
3857269,2022-11-28,Group Stage,Switzerland,2,94,27,Brazil,18395,Vinícius José Paixão de Oliveira Júnior,3202.0,Gabriel Fernando de Jesus,Incomplete,12.432618,110.9,20.7,110.0,33.1
3857269,2022-11-28,Group Stage,Switzerland,2,94,31,Brazil,25142,Bruno Guimarães Rodriguez Moura,11183.0,Alex Nicolao Telles,Complete,15.771493,95.0,29.5,93.5,13.8
3857269,2022-11-28,Group Stage,Switzerland,2,94,34,Brazil,11183,Alex Nicolao Telles,25142.0,Bruno Guimarães Rodriguez Moura,Complete,12.033703,91.1,9.8,90.2,21.8
3857269,2022-11-28,Group Stage,Switzerland,2,94,36,Brazil,25142,Bruno Guimarães Rodriguez Moura,3202.0,Gabriel Fernando de Jesus,Complete,7.5059977,90.2,21.8,97.7,21.5
3857269,2022-11-28,Group Stage,Switzerland,2,94,41,Brazil,3202,Gabriel Fernando de Jesus,11183.0,Alex Nicolao Telles,Complete,13.24009,94.2,23.8,89.3,11.5
3857269,2022-11-28,Group Stage,Switzerland,2,94,43,Brazil,11183,Alex Nicolao Telles,18395.0,Vinícius José Paixão de Oliveira Júnior,Complete,10.965857,88.0,8.4,98.8,6.5
3857269,2022-11-28,Group Stage,Switzerland,2,95,8,Brazil,11183,Alex Nicolao Telles,3202.0,Gabriel Fernando de Jesus,Complete,12.816006,105.9,0.1,116.7,7.0
3857269,2022-11-28,Group Stage,Switzerland,2,95,13,Brazil,3202,Gabriel Fernando de Jesus,11183.0,Alex Nicolao Telles,Incomplete,3.9357338,110.4,4.6,113.9,6.4
3857269,2022-11-28,Group Stage,Switzerland,2,95,29,Brazil,25104,Rodrygo Silva de Goes,3202.0,Gabriel Fernando de Jesus,Complete,8.023091,120.0,0.1,118.6,8.0
3857269,2022-11-28,Group Stage,Switzerland,2,95,35,Brazil,3202,Gabriel Fernando de Jesus,25104.0,Rodrygo Silva de Goes,Incomplete,3.2649655,116.0,2.3,117.5,5.2
3857269,2022-11-28,Group Stage,Switzerland,2,95,44,Brazil,25363,Antony Matheus dos Santos,13620.0,Éder Gabriel Militão,Complete,10.04241,52.2,57.4,49.6,47.7
3857269,2022-11-28,Group Stage,Switzerland,2,95,47,Brazil,13620,Éder Gabriel Militão,3295.0,Thiago Emiliano da Silva,Complete,11.943618,48.1,46.6,43.0,35.8
3857269,2022-11-28,Group Stage,Switzerland,2,95,49,Brazil,3295,Thiago Emiliano da Silva,5539.0,Carlos Henrique Casimiro,Complete,6.8963757,42.8,35.2,49.4,37.2
3857269,2022-11-28,Group Stage,Switzerland,2,95,51,Brazil,5539,Carlos Henrique Casimiro,25142.0,Bruno Guimarães Rodriguez Moura,Complete,26.284025,50.4,36.4,71.7,21.0
3857258,2022-11-24,Group Stage,Serbia,1,0,0,Brazil,3280,Richarlison de Andrade,4320.0,Neymar da Silva Santos Junior,Complete,3.3136084,60.0,40.0,59.7,36.7
3857258,2022-11-24,Group Stage,Serbia,1,0,2,Brazil,4320,Neymar da Silva Santos Junior,6945.0,Alex Sandro Lobo Silva,Complete,24.788708,63.2,33.5,51.4,11.7
3857258,2022-11-24,Group Stage,Serbia,1,0,6,Brazil,6945,Alex Sandro Lobo Silva,5539.0,Carlos Henrique Casimiro,Complete,15.370751,56.7,9.8,51.6,24.3
3857258,2022-11-24,Group Stage,Serbia,1,0,9,Brazil,5539,Carlos Henrique Casimiro,3295.0,Thiago Emiliano da Silva,Complete,9.6166525,46.8,20.6,37.6,23.4
3857258,2022-11-24,Group Stage,Serbia,1,0,14,Brazil,3295,Thiago Emiliano da Silva,6945.0,Alex Sandro Lobo Silva,Complete,20.90024,38.6,28.1,38.7,7.2
3857258,2022-11-24,Group Stage,Serbia,1,0,17,Brazil,6945,Alex Sandro Lobo Silva,4320.0,Neymar da Silva Santos Junior,Complete,8.876936,39.2,9.7,47.8,11.9
3857258,2022-11-24,Group Stage,Serbia,1,0,19,Brazil,4320,Neymar da Silva Santos Junior,6945.0,Alex Sandro Lobo Silva,Complete,9.489468,48.4,11.5,40.1,6.9
3857258,2022-11-24,Group Stage,Serbia,1,0,21,Brazil,6945,Alex Sandro Lobo Silva,3295.0,Thiago Emiliano da Silva,Complete,9.596354,40.1,6.9,32.1,12.2
3857258,2022-11-24,Group Stage,Serbia,1,0,37,Brazil,3295,Thiago Emiliano da Silva,6945.0,Alex Sandro Lobo Silva,Complete,10.113358,35.4,11.1,44.6,6.9
3857258,2022-11-24,Group Stage,Serbia,1,0,40,Brazil,6945,Alex Sandro Lobo Silva,4320.0,Neymar da Silva Santos Junior,Complete,24.436857,46.6,7.9,70.6,12.5
3857258,2022-11-24,Group Stage,Serbia,1,1,43,Brazil,5547,Alisson Ramsés Becker,4372.0,Marcos Aoás Corrêa,Complete,8.631338,6.0,44.0,4.5,52.5
3857258,2022-11-24,Group Stage,Serbia,1,1,45,Brazil,4372,Marcos Aoás Corrêa,3063.0,Danilo Luiz da Silva,Complete,19.534584,3.8,50.9,7.4,70.1
3857258,2022-11-24,Group Stage,Serbia,1,1,47,Brazil,3063,Danilo Luiz da Silva,,,Incomplete,60.56154,7.2,71.7,65.9,56.8
3857258,2022-11-24,Group Stage,Serbia,1,2,0,Brazil,3063,Danilo Luiz da Silva,22600.0,Lucas Tolentino Coelho de Lima,Complete,8.811924,52.0,80.0,56.1,72.2
3857258,2022-11-24,Group Stage,Serbia,1,2,1,Brazil,22600,Lucas Tolentino Coelho de Lima,3063.0,Danilo Luiz da Silva,Complete,7.2945185,56.1,72.2,49.7,75.7
3857258,2022-11-24,Group Stage,Serbia,1,2,2,Brazil,3063,Danilo Luiz da Silva,,,Incomplete,2.8635643,49.7,75.7,50.3,72.9
3857258,2022-11-24,Group Stage,Serbia,1,2,10,Brazil,3063,Danilo Luiz da Silva,4320.0,Neymar da Silva Santos Junior,Complete,21.927153,52.9,80.0,58.5,58.8
3857258,2022-11-24,Group Stage,Serbia,1,2,13,Brazil,4320,Neymar da Silva Santos Junior,5539.0,Carlos Henrique Casimiro,Complete,6.1741395,51.2,55.3,45.6,57.9
3857258,2022-11-24,Group Stage,Serbia,1,2,13,Brazil,5539,Carlos Henrique Casimiro,3063.0,Danilo Luiz da Silva,Complete,12.033703,45.6,57.9,46.5,69.9
3857258,2022-11-24,Group Stage,Serbia,1,2,15,Brazil,3063,Danilo Luiz da Silva,4372.0,Marcos Aoás Corrêa,Complete,24.04766,44.6,68.8,22.3,59.8
3857258,2022-11-24,Group Stage,Serbia,1,2,17,Brazil,4372,Marcos Aoás Corrêa,5547.0,Alisson Ramsés Becker,Complete,20.60728,19.3,59.6,7.8,42.5
3857258,2022-11-24,Group Stage,Serbia,1,2,20,Brazil,5547,Alisson Ramsés Becker,6945.0,Alex Sandro Lobo Silva,Complete,23.803362,8.6,39.3,9.0,15.5
3857258,2022-11-24,Group Stage,Serbia,1,2,22,Brazil,6945,Alex Sandro Lobo Silva,18395.0,Vinícius José Paixão de Oliveira Júnior,Complete,24.318306,8.8,12.8,31.1,3.1
3857258,2022-11-24,Group Stage,Serbia,1,2,26,Brazil,18395,Vinícius José Paixão de Oliveira Júnior,6945.0,Alex Sandro Lobo Silva,Complete,17.309246,28.1,1.4,20.6,17.0
3857258,2022-11-24,Group Stage,Serbia,1,2,28,Brazil,6945,Alex Sandro Lobo Silva,5547.0,Alisson Ramsés Becker,Complete,21.985905,21.2,17.9,6.9,34.6
3857258,2022-11-24,Group Stage,Serbia,1,2,32,Brazil,5547,Alisson Ramsés Becker,3295.0,Thiago Emiliano da Silva,Complete,12.528368,8.2,34.4,11.8,22.4
3857258,2022-11-24,Group Stage,Serbia,1,2,35,Brazil,3295,Thiago Emiliano da Silva,6945.0,Alex Sandro Lobo Silva,Complete,13.086252,13.5,22.8,15.0,9.8
3857258,2022-11-24,Group Stage,Serbia,1,2,38,Brazil,6945,Alex Sandro Lobo Silva,3295.0,Thiago Emiliano da Silva,Complete,14.921461,15.0,10.4,6.7,22.8
3857258,2022-11-24,Group Stage,Serbia,1,2,43,Brazil,3295,Thiago Emiliano da Silva,6945.0,Alex Sandro Lobo Silva,Incomplete,10.373042,1.6,6.8,11.4,3.4
3857258,2022-11-24,Group Stage,Serbia,1,3,2,Brazil,6945,Alex Sandro Lobo Silva,3280.0,Richarlison de Andrade,Complete,21.97908,19.3,0.1,41.1,2.9
3857258,2022-11-24,Group Stage,Serbia,1,3,4,Brazil,3280,Richarlison de Andrade,18395.0,Vinícius José Paixão de Oliveira Júnior,Complete,6.6483083,40.1,4.0,38.3,10.4
3857258,2022-11-24,Group Stage,Serbia,1,3,7,Brazil,18395,Vinícius José Paixão de Oliveira Júnior,3295.0,Thiago Emiliano da Silva,Complete,31.720814,38.3,9.6,6.9,14.1
3857258,2022-11-24,Group Stage,Serbia,1,3,13,Brazil,3295,Thiago Emiliano da Silva,18395.0,Vinícius José Paixão de Oliveira Júnior,Complete,32.572994,2.0,12.1,33.0,2.1
3857258,2022-11-24,Group Stage,Serbia,1,3,18,Brazil,18395,Vinícius José Paixão de Oliveira Júnior,22600.0,Lucas Tolentino Coelho de Lima,Complete,11.85116,45.4,8.7,46.5,20.5
3857258,2022-11-24,Group Stage,Serbia,1,3,20,Brazil,22600,Lucas Tolentino Coelho de Lima,10595.0,Raphael Dias Belloli,Complete,43.046486,50.1,28.0,72.1,65.0
3857258,2022-11-24,Group Stage,Serbia,1,3,28,Brazil,10595,Raphael Dias Belloli,,,Incomplete,17.601137,111.1,63.7,110.9,46.1
3857258,2022-11-24,Group Stage,Serbia,1,3,41,Brazil,3063,Danilo Luiz da Silva,22600.0,Lucas Tolentino Coelho de Lima,Complete,12.477981,92.7,80.0,94.8,67.7
3857258,2022-11-24,Group Stage,Serbia,1,3,42,Brazil,22600,Lucas Tolentino Coelho de Lima,3063.0,Danilo Luiz da Silva,Complete,9.047099,92.9,66.9,95.0,75.7
3857258,2022-11-24,Group Stage,Serbia,1,3,43,Brazil,3063,Danilo Luiz da Silva,3280.0,Richarlison de Andrade,Incomplete,20.71835,95.0,75.2,104.9,57.0
3857258,2022-11-24,Group Stage,Serbia,1,4,7,Brazil,5547,Alisson Ramsés Becker,6945.0,Alex Sandro Lobo Silva,Complete,11.894957,22.3,22.6,34.1,21.1
3857258,2022-11-24,Group Stage,Serbia,1,4,12,Brazil,6945,Alex Sandro Lobo Silva,5539.0,Carlos Henrique Casimiro,Complete,13.605881,39.0,16.6,51.4,22.2
3857258,2022-11-24,Group Stage,Serbia,1,4,13,Brazil,5539,Carlos Henrique Casimiro,18395.0,Vinícius José Paixão de Oliveira Júnior,Incomplete,15.109269,51.2,19.4,58.9,6.4
3857258,2022-11-24,Group Stage,Serbia,1,5,27,Brazil,22600,Lucas Tolentino Coelho de Lima,4320.0,Neymar da Silva Santos Junior,Complete,13.669309,39.4,51.1,46.3,39.3
3857258,2022-11-24,Group Stage,Serbia,1,6,19,Brazil,4372,Marcos Aoás Corrêa,3295.0,Thiago Emiliano da Silva,Complete,18.748867,50.1,48.1,46.5,29.7
3857258,2022-11-24,Group Stage,Serbia,1,6,23,Brazil,3295,Thiago Emiliano da Silva,6945.0,Alex Sandro Lobo Silva,Complete,31.423876,51.0,28.4,68.5,2.3
3857258,2022-11-24,Group Stage,Serbia,1,6,26,Brazil,6945,Alex Sandro Lobo Silva,18395.0,Vinícius José Paixão de Oliveira Júnior,Complete,11.305308,71.3,4.0,82.2,1.0
3857258,2022-11-24,Group Stage,Serbia,1,6,27,Brazil,18395,Vinícius José Paixão de Oliveira Júnior,6945.0,Alex Sandro Lobo Silva,Complete,12.410076,80.3,1.6,67.9,2.1
3857258,2022-11-24,Group Stage,Serbia,1,6,29,Brazil,6945,Alex Sandro Lobo Silva,3295.0,Thiago Emiliano da Silva,Complete,22.489998,67.9,2.1,52.3,18.3
3857258,2022-11-24,Group Stage,Serbia,1,6,33,Brazil,3295,Thiago Emiliano da Silva,22600.0,Lucas Tolentino Coelho de Lima,Complete,32.022648,55.9,25.8,72.8,53.0
3857258,2022-11-24,Group Stage,Serbia,1,6,36,Brazil,22600,Lucas Tolentino Coelho de Lima,10595.0,Raphael Dias Belloli,Out,46.772,73.9,59.6,120.0,67.5
3857258,2022-11-24,Group Stage,Serbia,1,7,20,Brazil,4372,Marcos Aoás Corrêa,,,Incomplete,39.55452,19.5,51.1,58.5,57.7
3857258,2022-11-24,Group Stage,Serbia,1,7,48,Brazil,3063,Danilo Luiz da Silva,4320.0,Neymar da Silva Santos Junior,Complete,12.322337,33.6,80.0,36.4,68.0
3857258,2022-11-24,Group Stage,Serbia,1,8,43,Brazil,10595,Raphael Dias Belloli,3280.0,Richarlison de Andrade,Complete,21.029741,15.0,70.1,34.1,61.3
3857258,2022-11-24,Group Stage,Serbia,1,8,45,Brazil,3280,Richarlison de Andrade,10595.0,Raphael Dias Belloli,Complete,18.806381,35.4,60.5,45.6,76.3
3857258,2022-11-24,Group Stage,Serbia,1,8,52,Brazil,10595,Raphael Dias Belloli,4320.0,Neymar da Silva Santos Junior,Complete,23.025421,82.2,61.5,79.8,38.6
3857258,2022-11-24,Group Stage,Serbia,1,8,53,Brazil,4320,Neymar da Silva Santos Junior,5539.0,Carlos Henrique Casimiro,Complete,5.5443664,79.8,38.6,74.3,39.3
3857258,2022-11-24,Group Stage,Serbia,1,8,54,Brazil,5539,Carlos Henrique Casimiro,18395.0,Vinícius José Paixão de Oliveira Júnior,Complete,29.426008,74.3,39.3,86.0,12.3
3857258,2022-11-24,Group Stage,Serbia,1,8,59,Brazil,18395,Vinícius José Paixão de Oliveira Júnior,5539.0,Carlos Henrique Casimiro,Complete,8.263777,91.6,18.3,83.9,21.3
3857258,2022-11-24,Group Stage,Serbia,1,9,1,Brazil,5539,Carlos Henrique Casimiro,6945.0,Alex Sandro Lobo Silva,Complete,23.57732,83.9,21.3,99.7,3.8
3857258,2022-11-24,Group Stage,Serbia,1,9,4,Brazil,6945,Alex Sandro Lobo Silva,5539.0,Carlos Henrique Casimiro,Complete,17.00735,99.5,3.8,85.6,13.6
3857258,2022-11-24,Group Stage,Serbia,1,9,7,Brazil,5539,Carlos Henrique Casimiro,4320.0,Neymar da Silva Santos Junior,Complete,23.637259,85.6,13.6,107.2,23.2
3857258,2022-11-24,Group Stage,Serbia,1,10,9,Brazil,5547,Alisson Ramsés Becker,3295.0,Thiago Emiliano da Silva,Complete,25.503138,7.1,43.8,20.0,21.8
3857258,2022-11-24,Group Stage,Serbia,1,10,14,Brazil,3295,Thiago Emiliano da Silva,3063.0,Danilo Luiz da Silva,Complete,32.4327,25.1,26.2,37.9,56.0
3857258,2022-11-24,Group Stage,Serbia,1,10,18,Brazil,3063,Danilo Luiz da Silva,3280.0,Richarlison de Andrade,Complete,25.427544,45.6,63.7,69.6,55.3
3857258,2022-11-24,Group Stage,Serbia,1,11,13,Brazil,4372,Marcos Aoás Corrêa,3295.0,Thiago Emiliano da Silva,Complete,11.161541,63.2,42.7,52.9,38.4
3857258,2022-11-24,Group Stage,Serbia,1,11,16,Brazil,3295,Thiago Emiliano da Silva,4372.0,Marcos Aoás Corrêa,Complete,10.107918,52.9,36.7,52.5,46.8
3857258,2022-11-24,Group Stage,Serbia,1,11,17,Brazil,4372,Marcos Aoás Corrêa,3063.0,Danilo Luiz da Silva,Complete,13.9,51.2,50.6,51.2,64.5
3857258,2022-11-24,Group Stage,Serbia,1,11,19,Brazil,3063,Danilo Luiz da Silva,3295.0,Thiago Emiliano da Silva,Complete,33.993088,51.2,63.7,43.9,30.5
3857258,2022-11-24,Group Stage,Serbia,1,11,23,Brazil,3295,Thiago Emiliano da Silva,5539.0,Carlos Henrique Casimiro,Complete,10.072239,46.9,30.7,56.1,34.8
3857258,2022-11-24,Group Stage,Serbia,1,11,25,Brazil,5539,Carlos Henrique Casimiro,3063.0,Danilo Luiz da Silva,Complete,19.024721,55.2,38.6,58.7,57.3
3857258,2022-11-24,Group Stage,Serbia,1,11,28,Brazil,3063,Danilo Luiz da Silva,22600.0,Lucas Tolentino Coelho de Lima,Complete,13.039172,61.4,60.0,74.3,58.1
3857258,2022-11-24,Group Stage,Serbia,1,11,29,Brazil,22600,Lucas Tolentino Coelho de Lima,3063.0,Danilo Luiz da Silva,Complete,6.363961,74.3,58.1,69.8,53.6
3857258,2022-11-24,Group Stage,Serbia,1,11,38,Brazil,10595,Raphael Dias Belloli,3063.0,Danilo Luiz da Silva,Complete,13.2981205,63.8,73.3,50.8,70.5
3857258,2022-11-24,Group Stage,Serbia,1,11,40,Brazil,3063,Danilo Luiz da Silva,4372.0,Marcos Aoás Corrêa,Complete,16.096273,49.3,71.4,37.1,60.9
3857258,2022-11-24,Group Stage,Serbia,1,11,42,Brazil,4372,Marcos Aoás Corrêa,3295.0,Thiago Emiliano da Silva,Complete,30.101496,37.1,56.8,42.0,27.1
3857258,2022-11-24,Group Stage,Serbia,1,11,44,Brazil,3295,Thiago Emiliano da Silva,4320.0,Neymar da Silva Santos Junior,Complete,13.839798,41.8,24.5,53.3,16.8
3857258,2022-11-24,Group Stage,Serbia,1,11,49,Brazil,4320,Neymar da Silva Santos Junior,6945.0,Alex Sandro Lobo Silva,Complete,13.256319,54.4,15.8,58.2,3.1
3857258,2022-11-24,Group Stage,Serbia,1,11,52,Brazil,6945,Alex Sandro Lobo Silva,4372.0,Marcos Aoás Corrêa,Complete,27.86844,56.5,13.4,44.6,38.6
3857258,2022-11-24,Group Stage,Serbia,1,12,1,Brazil,4372,Marcos Aoás Corrêa,5539.0,Carlos Henrique Casimiro,Complete,8.345058,60.8,45.9,54.8,40.1
3857258,2022-11-24,Group Stage,Serbia,1,12,2,Brazil,5539,Carlos Henrique Casimiro,3063.0,Danilo Luiz da Silva,Complete,32.501232,55.5,40.6,68.7,70.3
3857258,2022-11-24,Group Stage,Serbia,1,12,7,Brazil,3063,Danilo Luiz da Silva,10595.0,Raphael Dias Belloli,Complete,8.521151,84.8,76.3,93.3,75.7
3857258,2022-11-24,Group Stage,Serbia,1,12,9,Brazil,10595,Raphael Dias Belloli,4372.0,Marcos Aoás Corrêa,Complete,17.459667,90.8,75.9,73.6,72.9
3857258,2022-11-24,Group Stage,Serbia,1,12,11,Brazil,4372,Marcos Aoás Corrêa,3295.0,Thiago Emiliano da Silva,Complete,33.807247,71.1,63.0,70.4,29.2
3857258,2022-11-24,Group Stage,Serbia,1,12,14,Brazil,3295,Thiago Emiliano da Silva,4320.0,Neymar da Silva Santos Junior,Complete,11.268097,72.4,27.1,78.3,17.5
3857258,2022-11-24,Group Stage,Serbia,1,12,15,Brazil,4320,Neymar da Silva Santos Junior,18395.0,Vinícius José Paixão de Oliveira Júnior,Complete,18.04051,78.6,15.5,90.1,1.6
3857258,2022-11-24,Group Stage,Serbia,1,12,24,Brazil,18395,Vinícius José Paixão de Oliveira Júnior,,,Incomplete,2.8301942,117.7,25.6,116.2,28.0
3857258,2022-11-24,Group Stage,Serbia,1,13,24,Brazil,4320,Neymar da Silva Santos Junior,,,Incomplete,39.602524,120.0,0.1,116.0,39.5
3857258,2022-11-24,Group Stage,Serbia,1,14,11,Brazil,3063,Danilo Luiz da Silva,5539.0,Carlos Henrique Casimiro,Complete,16.189503,43.3,80.0,45.0,63.9
3857258,2022-11-24,Group Stage,Serbia,1,14,13,Brazil,5539,Carlos Henrique Casimiro,3063.0,Danilo Luiz da Silva,Complete,14.402778,45.0,62.0,38.8,75.0
3857258,2022-11-24,Group Stage,Serbia,1,14,15,Brazil,3063,Danilo Luiz da Silva,4372.0,Marcos Aoás Corrêa,Complete,28.585485,37.9,75.7,11.6,64.5
3857258,2022-11-24,Group Stage,Serbia,1,14,18,Brazil,4372,Marcos Aoás Corrêa,5547.0,Alisson Ramsés Becker,Complete,16.443844,6.3,66.0,1.1,50.4
3857258,2022-11-24,Group Stage,Serbia,1,14,20,Brazil,5547,Alisson Ramsés Becker,,,Incomplete,44.140797,1.1,50.4,40.7,69.9
3857258,2022-11-24,Group Stage,Serbia,1,15,21,Brazil,6945,Alex Sandro Lobo Silva,,,Incomplete,25.691244,56.7,10.8,71.5,31.8
3857258,2022-11-24,Group Stage,Serbia,1,16,15,Brazil,4372,Marcos Aoás Corrêa,3063.0,Danilo Luiz da Silva,Complete,11.8207445,44.1,59.6,38.3,69.9
3857258,2022-11-24,Group Stage,Serbia,1,16,17,Brazil,3063,Danilo Luiz da Silva,5547.0,Alisson Ramsés Becker,Complete,33.29159,33.4,67.1,4.6,50.4
3857258,2022-11-24,Group Stage,Serbia,1,16,21,Brazil,5547,Alisson Ramsés Becker,3063.0,Danilo Luiz da Silva,Complete,23.2723,5.0,53.0,14.6,74.2
3857258,2022-11-24,Group Stage,Serbia,1,16,23,Brazil,3063,Danilo Luiz da Silva,4372.0,Marcos Aoás Corrêa,Complete,13.42386,14.6,74.2,21.0,62.4
3857258,2022-11-24,Group Stage,Serbia,1,16,25,Brazil,4372,Marcos Aoás Corrêa,3295.0,Thiago Emiliano da Silva,Complete,27.244265,22.1,67.5,19.3,40.4
3857258,2022-11-24,Group Stage,Serbia,1,16,30,Brazil,3295,Thiago Emiliano da Silva,4320.0,Neymar da Silva Santos Junior,Complete,15.323511,25.3,32.0,39.4,26.0
3857258,2022-11-24,Group Stage,Serbia,1,16,37,Brazil,4320,Neymar da Silva Santos Junior,18395.0,Vinícius José Paixão de Oliveira Júnior,Complete,24.83868,61.7,25.2,68.1,1.2
3857258,2022-11-24,Group Stage,Serbia,1,16,49,Brazil,5539,Carlos Henrique Casimiro,4320.0,Neymar da Silva Santos Junior,Complete,6.2425957,69.6,17.9,74.7,14.3
3857258,2022-11-24,Group Stage,Serbia,1,16,54,Brazil,4320,Neymar da Silva Santos Junior,18395.0,Vinícius José Paixão de Oliveira Júnior,Complete,10.520931,78.8,14.3,87.3,20.5
3857258,2022-11-24,Group Stage,Serbia,1,16,55,Brazil,18395,Vinícius José Paixão de Oliveira Júnior,3280.0,Richarlison de Andrade,Complete,10.439348,87.3,20.5,97.6,18.8
3857258,2022-11-24,Group Stage,Serbia,1,18,2,Brazil,6945,Alex Sandro Lobo Silva,4320.0,Neymar da Silva Santos Junior,Complete,22.853664,15.9,0.1,34.9,12.8
3857258,2022-11-24,Group Stage,Serbia,1,18,43,Brazil,6945,Alex Sandro Lobo Silva,4320.0,Neymar da Silva Santos Junior,Complete,9.265528,47.1,2.7,56.3,3.8
3857258,2022-11-24,Group Stage,Serbia,1,18,49,Brazil,5539,Carlos Henrique Casimiro,18395.0,Vinícius José Paixão de Oliveira Júnior,Complete,13.189389,68.3,10.2,78.3,1.6
3857258,2022-11-24,Group Stage,Serbia,1,18,55,Brazil,18395,Vinícius José Paixão de Oliveira Júnior,6945.0,Alex Sandro Lobo Silva,Complete,20.12486,74.5,0.1,54.6,3.1
3857258,2022-11-24,Group Stage,Serbia,1,18,57,Brazil,6945,Alex Sandro Lobo Silva,3295.0,Thiago Emiliano da Silva,Complete,11.543396,54.2,2.9,45.6,10.6
3857258,2022-11-24,Group Stage,Serbia,1,19,6,Brazil,3295,Thiago Emiliano da Silva,22600.0,Lucas Tolentino Coelho de Lima,Complete,25.993269,65.9,24.1,68.1,50.0
3857258,2022-11-24,Group Stage,Serbia,1,19,9,Brazil,22600,Lucas Tolentino Coelho de Lima,10595.0,Raphael Dias Belloli,Complete,29.917387,70.2,54.5,91.8,75.2
3857258,2022-11-24,Group Stage,Serbia,1,19,14,Brazil,10595,Raphael Dias Belloli,22600.0,Lucas Tolentino Coelho de Lima,Complete,17.27339,104.4,65.8,91.0,54.9
3857258,2022-11-24,Group Stage,Serbia,1,19,16,Brazil,22600,Lucas Tolentino Coelho de Lima,,,Incomplete,5.5946403,92.5,53.4,95.2,48.5
3857258,2022-11-24,Group Stage,Serbia,1,19,21,Brazil,3063,Danilo Luiz da Silva,4372.0,Marcos Aoás Corrêa,Complete,19.859507,74.9,57.5,56.1,51.1
3857258,2022-11-24,Group Stage,Serbia,1,19,22,Brazil,4372,Marcos Aoás Corrêa,3063.0,Danilo Luiz da Silva,Complete,13.640015,55.2,54.7,63.4,65.6
3857258,2022-11-24,Group Stage,Serbia,1,19,24,Brazil,3063,Danilo Luiz da Silva,4372.0,Marcos Aoás Corrêa,Complete,32.05152,57.2,68.4,25.9,61.5
3857258,2022-11-24,Group Stage,Serbia,1,19,31,Brazil,4372,Marcos Aoás Corrêa,3295.0,Thiago Emiliano da Silva,Complete,18.011385,24.2,49.1,26.2,31.2
3857258,2022-11-24,Group Stage,Serbia,1,19,35,Brazil,3295,Thiago Emiliano da Silva,6945.0,Alex Sandro Lobo Silva,Complete,17.532825,32.4,26.7,41.8,11.9
3857258,2022-11-24,Group Stage,Serbia,1,19,38,Brazil,6945,Alex Sandro Lobo Silva,3295.0,Thiago Emiliano da Silva,Complete,12.234786,42.4,13.2,33.9,22.0
3857258,2022-11-24,Group Stage,Serbia,1,19,42,Brazil,3295,Thiago Emiliano da Silva,3063.0,Danilo Luiz da Silva,Complete,45.534714,39.6,29.0,43.1,74.4
3857258,2022-11-24,Group Stage,Serbia,1,19,45,Brazil,3063,Danilo Luiz da Silva,,,Incomplete,35.7028,46.0,73.9,79.8,62.4
3857258,2022-11-24,Group Stage,Serbia,1,19,50,Brazil,3280,Richarlison de Andrade,22600.0,Lucas Tolentino Coelho de Lima,Complete,2.5,79.6,54.7,77.1,54.7
3857258,2022-11-24,Group Stage,Serbia,1,19,51,Brazil,22600,Lucas Tolentino Coelho de Lima,4320.0,Neymar da Silva Santos Junior,Incomplete,15.426276,79.2,53.4,80.1,38.0
3857258,2022-11-24,Group Stage,Serbia,1,19,54,Brazil,3295,Thiago Emiliano da Silva,6945.0,Alex Sandro Lobo Silva,Complete,14.60137,62.3,38.9,58.9,24.7
3857258,2022-11-24,Group Stage,Serbia,1,19,58,Brazil,6945,Alex Sandro Lobo Silva,18395.0,Vinícius José Paixão de Oliveira Júnior,Complete,20.787016,74.1,14.7,91.8,3.8
3857258,2022-11-24,Group Stage,Serbia,1,20,3,Brazil,18395,Vinícius José Paixão de Oliveira Júnior,4320.0,Neymar da Silva Santos Junior,Complete,12.370934,101.4,11.3,91.2,18.3
3857258,2022-11-24,Group Stage,Serbia,1,20,10,Brazil,3063,Danilo Luiz da Silva,,,Incomplete,14.764823,86.5,57.0,99.5,50.0
3857258,2022-11-24,Group Stage,Serbia,1,20,15,Brazil,3295,Thiago Emiliano da Silva,6945.0,Alex Sandro Lobo Silva,Complete,13.983204,60.8,33.5,63.6,19.8
3857258,2022-11-24,Group Stage,Serbia,1,20,19,Brazil,6945,Alex Sandro Lobo Silva,4320.0,Neymar da Silva Santos Junior,Complete,12.440257,63.8,16.8,76.2,15.8
3857258,2022-11-24,Group Stage,Serbia,1,20,20,Brazil,4320,Neymar da Silva Santos Junior,6945.0,Alex Sandro Lobo Silva,Complete,11.85116,76.2,13.0,64.4,14.1
3857258,2022-11-24,Group Stage,Serbia,1,20,22,Brazil,6945,Alex Sandro Lobo Silva,4320.0,Neymar da Silva Santos Junior,Complete,8.547514,64.4,14.1,68.5,6.6
3857258,2022-11-24,Group Stage,Serbia,1,20,25,Brazil,4320,Neymar da Silva Santos Junior,6945.0,Alex Sandro Lobo Silva,Complete,7.823043,70.6,7.0,66.4,13.6
3857258,2022-11-24,Group Stage,Serbia,1,20,27,Brazil,6945,Alex Sandro Lobo Silva,4372.0,Marcos Aoás Corrêa,Complete,33.128235,66.4,13.6,54.2,44.4
3857258,2022-11-24,Group Stage,Serbia,1,20,30,Brazil,4372,Marcos Aoás Corrêa,3063.0,Danilo Luiz da Silva,Complete,19.924858,61.4,49.8,73.0,66.0
3857258,2022-11-24,Group Stage,Serbia,1,20,33,Brazil,3063,Danilo Luiz da Silva,4372.0,Marcos Aoás Corrêa,Complete,15.21611,72.4,65.0,62.1,53.8
3857258,2022-11-24,Group Stage,Serbia,1,20,35,Brazil,4372,Marcos Aoás Corrêa,10595.0,Raphael Dias Belloli,Complete,28.081488,62.5,62.0,86.9,75.9
3857258,2022-11-24,Group Stage,Serbia,1,20,38,Brazil,10595,Raphael Dias Belloli,3063.0,Danilo Luiz da Silva,Complete,16.681128,80.5,75.4,73.0,60.5
3857258,2022-11-24,Group Stage,Serbia,1,20,40,Brazil,3063,Danilo Luiz da Silva,5539.0,Carlos Henrique Casimiro,Complete,10.868763,72.8,61.3,68.1,51.5
3857258,2022-11-24,Group Stage,Serbia,1,20,41,Brazil,5539,Carlos Henrique Casimiro,4320.0,Neymar da Silva Santos Junior,Complete,34.644623,68.3,51.5,80.3,19.0
3857258,2022-11-24,Group Stage,Serbia,1,20,44,Brazil,4320,Neymar da Silva Santos Junior,18395.0,Vinícius José Paixão de Oliveira Júnior,Complete,22.900873,81.3,18.1,99.5,4.2
3857258,2022-11-24,Group Stage,Serbia,1,20,49,Brazil,18395,Vinícius José Paixão de Oliveira Júnior,5539.0,Carlos Henrique Casimiro,Complete,19.059118,99.3,6.8,86.7,21.1
3857258,2022-11-24,Group Stage,Serbia,1,21,19,Brazil,22600,Lucas Tolentino Coelho de Lima,3063.0,Danilo Luiz da Silva,Complete,14.242542,55.0,58.1,44.3,67.5
3857258,2022-11-24,Group Stage,Serbia,1,21,22,Brazil,3063,Danilo Luiz da Silva,22600.0,Lucas Tolentino Coelho de Lima,Complete,15.861904,44.6,73.1,50.8,58.5
3857258,2022-11-24,Group Stage,Serbia,1,21,24,Brazil,22600,Lucas Tolentino Coelho de Lima,6945.0,Alex Sandro Lobo Silva,Complete,30.731255,50.8,57.7,46.3,27.3
3857258,2022-11-24,Group Stage,Serbia,1,21,28,Brazil,6945,Alex Sandro Lobo Silva,18395.0,Vinícius José Paixão de Oliveira Júnior,Incomplete,26.527157,58.2,18.1,82.2,6.8
3857258,2022-11-24,Group Stage,Serbia,1,21,44,Brazil,6945,Alex Sandro Lobo Silva,3295.0,Thiago Emiliano da Silva,Complete,13.159027,20.4,12.6,11.4,22.2
3857258,2022-11-24,Group Stage,Serbia,1,21,48,Brazil,3295,Thiago Emiliano da Silva,6945.0,Alex Sandro Lobo Silva,Complete,10.911462,9.0,18.5,9.5,7.6
3857258,2022-11-24,Group Stage,Serbia,1,21,49,Brazil,6945,Alex Sandro Lobo Silva,18395.0,Vinícius José Paixão de Oliveira Júnior,Complete,13.0667515,9.5,7.6,20.2,0.1
3857258,2022-11-24,Group Stage,Serbia,1,23,8,Brazil,22600,Lucas Tolentino Coelho de Lima,,,Incomplete,8.372574,73.0,11.3,80.3,7.2
3857258,2022-11-24,Group Stage,Serbia,1,23,26,Brazil,4372,Marcos Aoás Corrêa,10595.0,Raphael Dias Belloli,Complete,10.922454,89.5,76.1,100.4,75.4
3857258,2022-11-24,Group Stage,Serbia,1,23,59,Brazil,4372,Marcos Aoás Corrêa,10595.0,Raphael Dias Belloli,Complete,19.504103,62.5,37.8,82.0,37.4
3857258,2022-11-24,Group Stage,Serbia,1,24,8,Brazil,3295,Thiago Emiliano da Silva,3063.0,Danilo Luiz da Silva,Complete,23.482973,52.7,41.4,63.6,62.2
3857258,2022-11-24,Group Stage,Serbia,1,24,13,Brazil,3063,Danilo Luiz da Silva,4372.0,Marcos Aoás Corrêa,Complete,24.83103,70.0,72.0,55.7,51.7
3857258,2022-11-24,Group Stage,Serbia,1,24,17,Brazil,4372,Marcos Aoás Corrêa,6945.0,Alex Sandro Lobo Silva,Complete,39.58851,62.1,44.0,68.3,4.9
3857258,2022-11-24,Group Stage,Serbia,1,24,20,Brazil,6945,Alex Sandro Lobo Silva,18395.0,Vinícius José Paixão de Oliveira Júnior,Complete,16.101242,69.4,7.0,84.8,2.3
3857258,2022-11-24,Group Stage,Serbia,1,24,22,Brazil,18395,Vinícius José Paixão de Oliveira Júnior,6945.0,Alex Sandro Lobo Silva,Complete,9.6,81.1,2.3,71.5,2.3
3857258,2022-11-24,Group Stage,Serbia,1,24,24,Brazil,6945,Alex Sandro Lobo Silva,3295.0,Thiago Emiliano da Silva,Complete,21.310326,71.5,2.3,57.2,18.1
3857258,2022-11-24,Group Stage,Serbia,1,24,27,Brazil,3295,Thiago Emiliano da Silva,4372.0,Marcos Aoás Corrêa,Complete,28.200708,57.2,22.0,57.0,50.2
3857258,2022-11-24,Group Stage,Serbia,1,24,29,Brazil,4372,Marcos Aoás Corrêa,3295.0,Thiago Emiliano da Silva,Complete,20.787016,57.8,49.3,55.9,28.6
3857258,2022-11-24,Group Stage,Serbia,1,24,35,Brazil,3295,Thiago Emiliano da Silva,6945.0,Alex Sandro Lobo Silva,Complete,24.030813,54.2,26.0,63.4,3.8
3857258,2022-11-24,Group Stage,Serbia,1,24,37,Brazil,6945,Alex Sandro Lobo Silva,18395.0,Vinícius José Paixão de Oliveira Júnior,Complete,10.920165,62.9,3.6,73.4,0.6
3857258,2022-11-24,Group Stage,Serbia,1,24,39,Brazil,18395,Vinícius José Paixão de Oliveira Júnior,5539.0,Carlos Henrique Casimiro,Incomplete,9.340771,74.3,0.4,70.9,9.1
3857258,2022-11-24,Group Stage,Serbia,1,25,3,Brazil,5547,Alisson Ramsés Becker,6945.0,Alex Sandro Lobo Silva,Complete,27.018698,5.6,41.4,23.2,20.9
3857258,2022-11-24,Group Stage,Serbia,1,25,9,Brazil,6945,Alex Sandro Lobo Silva,3295.0,Thiago Emiliano da Silva,Complete,16.087883,33.2,13.6,25.1,27.5
3857258,2022-11-24,Group Stage,Serbia,1,25,16,Brazil,3295,Thiago Emiliano da Silva,5539.0,Carlos Henrique Casimiro,Complete,13.930183,37.5,21.3,47.3,31.2
3857258,2022-11-24,Group Stage,Serbia,1,25,17,Brazil,5539,Carlos Henrique Casimiro,3295.0,Thiago Emiliano da Silva,Complete,12.093387,47.3,31.2,38.6,22.8
3857258,2022-11-24,Group Stage,Serbia,1,25,21,Brazil,3295,Thiago Emiliano da Silva,10595.0,Raphael Dias Belloli,Incomplete,68.31178,44.1,26.9,100.8,65.0
3857258,2022-11-24,Group Stage,Serbia,1,25,43,Brazil,3063,Danilo Luiz da Silva,3280.0,Richarlison de Andrade,Complete,14.851936,80.7,80.0,91.4,69.7
3857258,2022-11-24,Group Stage,Serbia,1,25,46,Brazil,3280,Richarlison de Andrade,4320.0,Neymar da Silva Santos Junior,Complete,10.694391,91.4,70.9,82.0,65.8
3857258,2022-11-24,Group Stage,Serbia,1,25,48,Brazil,4320,Neymar da Silva Santos Junior,6945.0,Alex Sandro Lobo Silva,Complete,31.48587,80.3,61.5,65.9,33.5
3857258,2022-11-24,Group Stage,Serbia,1,25,54,Brazil,6945,Alex Sandro Lobo Silva,18395.0,Vinícius José Paixão de Oliveira Júnior,Complete,18.458874,80.9,16.2,94.2,3.4
3857258,2022-11-24,Group Stage,Serbia,1,25,57,Brazil,18395,Vinícius José Paixão de Oliveira Júnior,3295.0,Thiago Emiliano da Silva,Complete,28.996897,91.8,4.2,70.9,24.3
3857258,2022-11-24,Group Stage,Serbia,1,26,2,Brazil,3295,Thiago Emiliano da Silva,3063.0,Danilo Luiz da Silva,Complete,39.125694,70.9,27.3,79.8,65.4
3857258,2022-11-24,Group Stage,Serbia,1,26,4,Brazil,3063,Danilo Luiz da Silva,4372.0,Marcos Aoás Corrêa,Complete,23.769728,79.8,65.2,61.2,50.4
3857258,2022-11-24,Group Stage,Serbia,1,26,6,Brazil,4372,Marcos Aoás Corrêa,3295.0,Thiago Emiliano da Silva,Complete,23.100866,61.2,50.4,61.4,27.3
3857258,2022-11-24,Group Stage,Serbia,1,26,9,Brazil,3295,Thiago Emiliano da Silva,4320.0,Neymar da Silva Santos Junior,Complete,21.247353,61.9,23.5,80.7,13.6
3857258,2022-11-24,Group Stage,Serbia,1,26,18,Brazil,6945,Alex Sandro Lobo Silva,22600.0,Lucas Tolentino Coelho de Lima,Complete,22.375433,59.7,15.5,63.2,37.6
3857258,2022-11-24,Group Stage,Serbia,1,26,20,Brazil,22600,Lucas Tolentino Coelho de Lima,3063.0,Danilo Luiz da Silva,Complete,17.98694,62.1,34.6,65.3,52.3
3857258,2022-11-24,Group Stage,Serbia,1,26,24,Brazil,3063,Danilo Luiz da Silva,10595.0,Raphael Dias Belloli,Complete,12.95415,77.1,63.9,84.1,74.8
3857258,2022-11-24,Group Stage,Serbia,1,26,27,Brazil,10595,Raphael Dias Belloli,4372.0,Marcos Aoás Corrêa,Complete,26.877872,82.2,73.9,65.3,53.0
3857258,2022-11-24,Group Stage,Serbia,1,26,30,Brazil,4372,Marcos Aoás Corrêa,6945.0,Alex Sandro Lobo Silva,Complete,24.214252,63.2,45.5,74.9,24.3
3857258,2022-11-24,Group Stage,Serbia,1,26,34,Brazil,6945,Alex Sandro Lobo Silva,4372.0,Marcos Aoás Corrêa,Complete,21.244528,74.5,21.8,66.8,41.6
3857258,2022-11-24,Group Stage,Serbia,1,26,37,Brazil,4372,Marcos Aoás Corrêa,3063.0,Danilo Luiz da Silva,Complete,32.57115,67.0,39.9,79.2,70.1
3857258,2022-11-24,Group Stage,Serbia,1,26,42,Brazil,3063,Danilo Luiz da Silva,22600.0,Lucas Tolentino Coelho de Lima,Complete,8.807384,85.8,71.4,83.9,62.8
3857258,2022-11-24,Group Stage,Serbia,1,26,43,Brazil,22600,Lucas Tolentino Coelho de Lima,10595.0,Raphael Dias Belloli,Complete,15.090394,80.7,65.6,93.1,74.2
3857258,2022-11-24,Group Stage,Serbia,1,26,44,Brazil,10595,Raphael Dias Belloli,3063.0,Danilo Luiz da Silva,Complete,13.944533,93.1,74.2,90.5,60.5
3857258,2022-11-24,Group Stage,Serbia,1,26,46,Brazil,3063,Danilo Luiz da Silva,3295.0,Thiago Emiliano da Silva,Complete,28.419184,90.5,60.5,75.6,36.3
3857258,2022-11-24,Group Stage,Serbia,1,26,49,Brazil,3295,Thiago Emiliano da Silva,18395.0,Vinícius José Paixão de Oliveira Júnior,Complete,30.040306,80.1,32.4,110.0,29.5
3857258,2022-11-24,Group Stage,Serbia,1,27,0,Brazil,4320,Neymar da Silva Santos Junior,18395.0,Vinícius José Paixão de Oliveira Júnior,Complete,10.153324,107.4,0.1,112.1,9.1
3857258,2022-11-24,Group Stage,Serbia,1,27,1,Brazil,18395,Vinícius José Paixão de Oliveira Júnior,4320.0,Neymar da Silva Santos Junior,Complete,9.1268835,112.1,8.9,107.2,1.2
3857258,2022-11-24,Group Stage,Serbia,1,28,12,Brazil,10595,Raphael Dias Belloli,4320.0,Neymar da Silva Santos Junior,Complete,2.3537204,102.7,4.4,103.2,2.1
3857258,2022-11-24,Group Stage,Serbia,1,28,14,Brazil,4320,Neymar da Silva Santos Junior,10595.0,Raphael Dias Belloli,Complete,18.638937,102.9,9.1,118.3,19.6
3857258,2022-11-24,Group Stage,Serbia,1,28,16,Brazil,10595,Raphael Dias Belloli,,,Out,66.8618,118.3,19.6,89.0,79.7
3857258,2022-11-24,Group Stage,Serbia,1,28,56,Brazil,3295,Thiago Emiliano da Silva,4320.0,Neymar da Silva Santos Junior,Complete,25.045958,58.7,50.0,82.4,41.9
3857258,2022-11-24,Group Stage,Serbia,1,29,6,Brazil,5547,Alisson Ramsés Becker,4372.0,Marcos Aoás Corrêa,Complete,12.442266,25.7,35.2,30.2,46.8
3857258,2022-11-24,Group Stage,Serbia,1,29,8,Brazil,4372,Marcos Aoás Corrêa,3295.0,Thiago Emiliano da Silva,Complete,25.6,28.9,49.1,28.9,23.5
3857258,2022-11-24,Group Stage,Serbia,1,29,10,Brazil,3295,Thiago Emiliano da Silva,6945.0,Alex Sandro Lobo Silva,Complete,17.495714,28.9,23.5,36.2,7.6
3857258,2022-11-24,Group Stage,Serbia,1,29,16,Brazil,6945,Alex Sandro Lobo Silva,3295.0,Thiago Emiliano da Silva,Complete,20.214846,55.9,5.5,37.9,14.7
3857258,2022-11-24,Group Stage,Serbia,1,29,19,Brazil,3295,Thiago Emiliano da Silva,4372.0,Marcos Aoás Corrêa,Complete,44.30553,37.9,16.2,38.6,60.5
3857258,2022-11-24,Group Stage,Serbia,1,29,25,Brazil,4372,Marcos Aoás Corrêa,10595.0,Raphael Dias Belloli,Complete,13.7411785,66.6,64.3,74.7,75.4
3857258,2022-11-24,Group Stage,Serbia,1,29,26,Brazil,10595,Raphael Dias Belloli,3063.0,Danilo Luiz da Silva,Complete,32.70489,74.7,75.4,46.7,58.5
3857258,2022-11-24,Group Stage,Serbia,1,29,28,Brazil,3063,Danilo Luiz da Silva,3295.0,Thiago Emiliano da Silva,Complete,29.415133,46.7,58.5,49.3,29.2
3857258,2022-11-24,Group Stage,Serbia,1,29,33,Brazil,3295,Thiago Emiliano da Silva,4320.0,Neymar da Silva Santos Junior,Complete,5.215362,51.8,21.1,57.0,20.7
3857258,2022-11-24,Group Stage,Serbia,1,29,36,Brazil,4320,Neymar da Silva Santos Junior,18395.0,Vinícius José Paixão de Oliveira Júnior,Complete,14.35897,71.3,15.1,75.6,1.4
3857258,2022-11-24,Group Stage,Serbia,1,29,38,Brazil,18395,Vinícius José Paixão de Oliveira Júnior,6945.0,Alex Sandro Lobo Silva,Complete,8.458132,75.6,1.4,67.9,4.9
3857258,2022-11-24,Group Stage,Serbia,1,29,39,Brazil,6945,Alex Sandro Lobo Silva,5539.0,Carlos Henrique Casimiro,Complete,11.356496,67.9,8.1,65.5,19.2
3857258,2022-11-24,Group Stage,Serbia,1,29,42,Brazil,5539,Carlos Henrique Casimiro,,,Incomplete,4.609772,64.4,21.3,67.9,24.3
3857258,2022-11-24,Group Stage,Serbia,1,29,44,Brazil,6945,Alex Sandro Lobo Silva,5539.0,Carlos Henrique Casimiro,Complete,14.410066,68.7,13.0,64.9,26.9
3857258,2022-11-24,Group Stage,Serbia,1,29,47,Brazil,5539,Carlos Henrique Casimiro,10595.0,Raphael Dias Belloli,Complete,55.682133,64.4,27.1,111.5,56.8
3857258,2022-11-24,Group Stage,Serbia,1,29,49,Brazil,10595,Raphael Dias Belloli,,,Incomplete,14.003571,111.5,56.8,109.8,42.9
3857258,2022-11-24,Group Stage,Serbia,1,30,26,Brazil,10595,Raphael Dias Belloli,,,Incomplete,28.553984,120.0,80.0,116.2,51.7
3857258,2022-11-24,Group Stage,Serbia,1,30,43,Brazil,10595,Raphael Dias Belloli,22600.0,Lucas Tolentino Coelho de Lima,Complete,18.243902,120.0,80.0,116.0,62.2
3857258,2022-11-24,Group Stage,Serbia,1,30,46,Brazil,22600,Lucas Tolentino Coelho de Lima,10595.0,Raphael Dias Belloli,Complete,7.6843996,106.6,62.0,113.9,59.6
3857258,2022-11-24,Group Stage,Serbia,1,30,48,Brazil,10595,Raphael Dias Belloli,,,Incomplete,14.741099,116.2,57.0,117.3,42.3
3857258,2022-11-24,Group Stage,Serbia,1,31,10,Brazil,22600,Lucas Tolentino Coelho de Lima,18395.0,Vinícius José Paixão de Oliveira Júnior,Complete,5.0219517,29.2,2.3,32.1,6.4
3857258,2022-11-24,Group Stage,Serbia,1,31,13,Brazil,18395,Vinícius José Paixão de Oliveira Júnior,22600.0,Lucas Tolentino Coelho de Lima,Complete,10.323275,38.6,8.7,45.0,0.6
3857258,2022-11-24,Group Stage,Serbia,1,31,16,Brazil,22600,Lucas Tolentino Coelho de Lima,4320.0,Neymar da Silva Santos Junior,Incomplete,4.3,50.1,0.1,54.4,0.1
3857258,2022-11-24,Group Stage,Serbia,1,31,22,Brazil,4320,Neymar da Silva Santos Junior,22600.0,Lucas Tolentino Coelho de Lima,Complete,8.364807,62.9,0.1,55.5,4.0
3857258,2022-11-24,Group Stage,Serbia,1,31,23,Brazil,22600,Lucas Tolentino Coelho de Lima,4320.0,Neymar da Silva Santos Junior,Complete,17.465681,55.5,4.0,72.8,1.6
3857258,2022-11-24,Group Stage,Serbia,1,31,48,Brazil,4320,Neymar da Silva Santos Junior,22600.0,Lucas Tolentino Coelho de Lima,Complete,3.9824615,78.6,2.7,75.1,4.6
3857258,2022-11-24,Group Stage,Serbia,1,31,49,Brazil,22600,Lucas Tolentino Coelho de Lima,4320.0,Neymar da Silva Santos Junior,Complete,4.580393,75.1,4.6,78.8,1.9
3857258,2022-11-24,Group Stage,Serbia,1,31,51,Brazil,4320,Neymar da Silva Santos Junior,4372.0,Marcos Aoás Corrêa,Complete,28.884598,78.8,1.9,57.4,21.3
3857258,2022-11-24,Group Stage,Serbia,1,31,54,Brazil,4372,Marcos Aoás Corrêa,3295.0,Thiago Emiliano da Silva,Complete,21.253,57.0,22.8,55.5,44.0
3857258,2022-11-24,Group Stage,Serbia,1,31,57,Brazil,3295,Thiago Emiliano da Silva,4372.0,Marcos Aoás Corrêa,Complete,20.76969,55.2,44.6,53.5,23.9
3857258,2022-11-24,Group Stage,Serbia,1,32,0,Brazil,4372,Marcos Aoás Corrêa,4320.0,Neymar da Silva Santos Junior,Complete,18.110771,55.0,25.2,70.6,16.0
3857258,2022-11-24,Group Stage,Serbia,1,32,1,Brazil,4320,Neymar da Silva Santos Junior,22600.0,Lucas Tolentino Coelho de Lima,Complete,10.771258,70.6,16.0,77.7,24.1
3857258,2022-11-24,Group Stage,Serbia,1,32,3,Brazil,22600,Lucas Tolentino Coelho de Lima,18395.0,Vinícius José Paixão de Oliveira Júnior,Complete,21.6947,85.8,22.4,92.9,1.9
3857258,2022-11-24,Group Stage,Serbia,1,32,6,Brazil,18395,Vinícius José Paixão de Oliveira Júnior,22600.0,Lucas Tolentino Coelho de Lima,Complete,10.155294,92.9,1.9,88.6,11.1
3857258,2022-11-24,Group Stage,Serbia,1,32,8,Brazil,22600,Lucas Tolentino Coelho de Lima,4320.0,Neymar da Silva Santos Junior,Complete,6.293648,82.6,8.9,80.7,14.9
3857258,2022-11-24,Group Stage,Serbia,1,32,10,Brazil,4320,Neymar da Silva Santos Junior,22600.0,Lucas Tolentino Coelho de Lima,Complete,6.926038,76.2,15.5,74.1,8.9
3857258,2022-11-24,Group Stage,Serbia,1,32,12,Brazil,22600,Lucas Tolentino Coelho de Lima,4320.0,Neymar da Silva Santos Junior,Complete,5.905929,74.1,8.9,76.9,14.1
3857258,2022-11-24,Group Stage,Serbia,1,32,17,Brazil,4320,Neymar da Silva Santos Junior,6945.0,Alex Sandro Lobo Silva,Incomplete,4.570558,69.2,9.8,70.0,5.3
3857258,2022-11-24,Group Stage,Serbia,1,32,30,Brazil,6945,Alex Sandro Lobo Silva,4372.0,Marcos Aoás Corrêa,Complete,31.317726,63.6,0.1,48.8,27.7
3857258,2022-11-24,Group Stage,Serbia,1,32,35,Brazil,4372,Marcos Aoás Corrêa,6945.0,Alex Sandro Lobo Silva,Complete,27.431551,49.9,25.6,67.9,4.9
3857258,2022-11-24,Group Stage,Serbia,1,32,39,Brazil,6945,Alex Sandro Lobo Silva,22600.0,Lucas Tolentino Coelho de Lima,Complete,6.4202805,69.2,2.3,65.3,7.4
3857258,2022-11-24,Group Stage,Serbia,1,32,41,Brazil,22600,Lucas Tolentino Coelho de Lima,3295.0,Thiago Emiliano da Silva,Complete,43.06739,66.8,12.3,58.2,54.5
3857258,2022-11-24,Group Stage,Serbia,1,32,45,Brazil,3295,Thiago Emiliano da Silva,3063.0,Danilo Luiz da Silva,Complete,11.322986,67.0,57.0,60.0,48.1
3857258,2022-11-24,Group Stage,Serbia,1,32,49,Brazil,3063,Danilo Luiz da Silva,22600.0,Lucas Tolentino Coelho de Lima,Complete,18.553976,68.1,48.5,63.6,30.5
3857258,2022-11-24,Group Stage,Serbia,1,32,51,Brazil,22600,Lucas Tolentino Coelho de Lima,6945.0,Alex Sandro Lobo Silva,Complete,23.271011,62.9,28.2,75.6,8.7
3857258,2022-11-24,Group Stage,Serbia,1,32,53,Brazil,6945,Alex Sandro Lobo Silva,18395.0,Vinícius José Paixão de Oliveira Júnior,Complete,13.018832,79.8,6.1,91.6,0.6
3857258,2022-11-24,Group Stage,Serbia,1,32,57,Brazil,18395,Vinícius José Paixão de Oliveira Júnior,4320.0,Neymar da Silva Santos Junior,Complete,11.901681,98.9,9.6,99.1,21.5
3857258,2022-11-24,Group Stage,Serbia,1,32,58,Brazil,4320,Neymar da Silva Santos Junior,18395.0,Vinícius José Paixão de Oliveira Júnior,Incomplete,2.1470912,99.1,21.5,101.0,20.5
3857258,2022-11-24,Group Stage,Serbia,1,33,1,Brazil,6945,Alex Sandro Lobo Silva,,,Incomplete,31.72948,92.3,7.4,108.3,34.8
3857258,2022-11-24,Group Stage,Serbia,1,33,7,Brazil,4372,Marcos Aoás Corrêa,6945.0,Alex Sandro Lobo Silva,Complete,28.776726,70.9,43.8,73.0,15.1
3857258,2022-11-24,Group Stage,Serbia,1,33,10,Brazil,6945,Alex Sandro Lobo Silva,4320.0,Neymar da Silva Santos Junior,Complete,14.755677,74.1,12.6,86.3,20.9
3857258,2022-11-24,Group Stage,Serbia,1,33,18,Brazil,4372,Marcos Aoás Corrêa,3295.0,Thiago Emiliano da Silva,Complete,19.560163,63.4,23.5,51.6,39.1
3857258,2022-11-24,Group Stage,Serbia,1,33,25,Brazil,3295,Thiago Emiliano da Silva,3280.0,Richarlison de Andrade,Complete,13.781872,72.1,49.3,85.8,50.8
3857258,2022-11-24,Group Stage,Serbia,1,33,26,Brazil,3280,Richarlison de Andrade,3063.0,Danilo Luiz da Silva,Complete,21.866184,86.9,52.6,88.6,74.4
3857258,2022-11-24,Group Stage,Serbia,1,33,29,Brazil,3063,Danilo Luiz da Silva,3280.0,Richarlison de Andrade,Complete,23.200216,95.5,74.2,101.9,51.9
3857258,2022-11-24,Group Stage,Serbia,1,33,35,Brazil,6945,Alex Sandro Lobo Silva,3295.0,Thiago Emiliano da Silva,Complete,27.335325,68.9,36.9,44.8,49.8
3857258,2022-11-24,Group Stage,Serbia,1,33,40,Brazil,3295,Thiago Emiliano da Silva,4372.0,Marcos Aoás Corrêa,Complete,21.763502,39.2,50.2,50.5,31.6
3857258,2022-11-24,Group Stage,Serbia,1,33,49,Brazil,4372,Marcos Aoás Corrêa,6945.0,Alex Sandro Lobo Silva,Complete,18.324028,69.6,25.4,74.7,7.8
3857258,2022-11-24,Group Stage,Serbia,1,33,52,Brazil,6945,Alex Sandro Lobo Silva,22600.0,Lucas Tolentino Coelho de Lima,Complete,13.810503,74.1,4.0,63.8,13.2
3857258,2022-11-24,Group Stage,Serbia,1,33,56,Brazil,22600,Lucas Tolentino Coelho de Lima,5539.0,Carlos Henrique Casimiro,Complete,14.417004,65.1,14.7,74.3,25.8
3857258,2022-11-24,Group Stage,Serbia,1,33,57,Brazil,5539,Carlos Henrique Casimiro,3280.0,Richarlison de Andrade,Complete,13.7411785,74.3,25.8,85.4,33.9
3857258,2022-11-24,Group Stage,Serbia,1,33,59,Brazil,3280,Richarlison de Andrade,10595.0,Raphael Dias Belloli,Complete,30.57924,85.8,34.2,88.0,64.7
3857258,2022-11-24,Group Stage,Serbia,1,34,4,Brazil,10595,Raphael Dias Belloli,22600.0,Lucas Tolentino Coelho de Lima,Complete,18.439089,92.5,60.7,93.7,42.3
3857258,2022-11-24,Group Stage,Serbia,1,34,5,Brazil,22600,Lucas Tolentino Coelho de Lima,10595.0,Raphael Dias Belloli,Complete,13.306014,92.5,41.9,100.8,52.3
3857258,2022-11-24,Group Stage,Serbia,1,35,1,Brazil,3063,Danilo Luiz da Silva,3280.0,Richarlison de Andrade,Complete,29.504068,9.3,80.0,37.3,70.7
3857258,2022-11-24,Group Stage,Serbia,1,35,14,Brazil,5539,Carlos Henrique Casimiro,10595.0,Raphael Dias Belloli,Complete,9.654015,24.0,51.9,33.4,54.1
3857258,2022-11-24,Group Stage,Serbia,1,35,28,Brazil,3063,Danilo Luiz da Silva,5539.0,Carlos Henrique Casimiro,Complete,15.259095,44.8,80.0,42.0,65.0
3857258,2022-11-24,Group Stage,Serbia,1,35,31,Brazil,5539,Carlos Henrique Casimiro,6945.0,Alex Sandro Lobo Silva,Complete,26.654268,38.3,55.8,36.6,29.2
3857258,2022-11-24,Group Stage,Serbia,1,35,33,Brazil,6945,Alex Sandro Lobo Silva,4320.0,Neymar da Silva Santos Junior,Complete,16.222515,39.0,27.5,54.4,22.4
3857258,2022-11-24,Group Stage,Serbia,1,35,37,Brazil,4320,Neymar da Silva Santos Junior,18395.0,Vinícius José Paixão de Oliveira Júnior,Incomplete,11.6297035,67.0,20.3,77.5,15.3
3857258,2022-11-24,Group Stage,Serbia,1,36,29,Brazil,5547,Alisson Ramsés Becker,3295.0,Thiago Emiliano da Silva,Complete,14.877164,6.0,44.0,11.8,30.3
3857258,2022-11-24,Group Stage,Serbia,1,36,30,Brazil,3295,Thiago Emiliano da Silva,3063.0,Danilo Luiz da Silva,Complete,39.628525,11.0,32.4,21.9,70.5
3857258,2022-11-24,Group Stage,Serbia,1,36,33,Brazil,3063,Danilo Luiz da Silva,10595.0,Raphael Dias Belloli,Incomplete,31.926477,23.8,71.6,55.7,72.9
3857258,2022-11-24,Group Stage,Serbia,1,38,2,Brazil,5547,Alisson Ramsés Becker,3295.0,Thiago Emiliano da Silva,Complete,12.630123,22.7,56.4,25.1,44.0
3857258,2022-11-24,Group Stage,Serbia,1,38,4,Brazil,3295,Thiago Emiliano da Silva,6945.0,Alex Sandro Lobo Silva,Complete,27.101292,27.2,39.7,39.4,15.5
3857258,2022-11-24,Group Stage,Serbia,1,38,10,Brazil,6945,Alex Sandro Lobo Silva,18395.0,Vinícius José Paixão de Oliveira Júnior,Complete,14.19049,69.8,8.5,82.2,1.6
3857258,2022-11-24,Group Stage,Serbia,1,38,13,Brazil,18395,Vinícius José Paixão de Oliveira Júnior,5539.0,Carlos Henrique Casimiro,Complete,16.780048,83.3,1.2,73.9,15.1
3857258,2022-11-24,Group Stage,Serbia,1,38,16,Brazil,5539,Carlos Henrique Casimiro,4372.0,Marcos Aoás Corrêa,Complete,10.9018345,72.1,17.7,71.9,28.6
3857258,2022-11-24,Group Stage,Serbia,1,38,19,Brazil,4372,Marcos Aoás Corrêa,4320.0,Neymar da Silva Santos Junior,Complete,17.617321,75.6,38.0,90.5,28.6
3857258,2022-11-24,Group Stage,Serbia,1,38,20,Brazil,4320,Neymar da Silva Santos Junior,22600.0,Lucas Tolentino Coelho de Lima,Complete,17.465681,90.5,28.6,92.9,45.9
3857258,2022-11-24,Group Stage,Serbia,1,38,20,Brazil,22600,Lucas Tolentino Coelho de Lima,,,Incomplete,7.102816,92.7,48.3,92.5,41.2
3857258,2022-11-24,Group Stage,Serbia,1,38,25,Brazil,3063,Danilo Luiz da Silva,4320.0,Neymar da Silva Santos Junior,Complete,12.865847,74.5,59.2,87.3,57.9
3857258,2022-11-24,Group Stage,Serbia,1,38,30,Brazil,4320,Neymar da Silva Santos Junior,3063.0,Danilo Luiz da Silva,Complete,17.516277,73.4,56.8,80.3,72.9
3857258,2022-11-24,Group Stage,Serbia,1,38,32,Brazil,3063,Danilo Luiz da Silva,4372.0,Marcos Aoás Corrêa,Complete,32.887688,80.3,72.9,55.5,51.3
3857258,2022-11-24,Group Stage,Serbia,1,38,39,Brazil,4372,Marcos Aoás Corrêa,5539.0,Carlos Henrique Casimiro,Complete,13.623509,44.8,50.2,55.2,41.4
3857258,2022-11-24,Group Stage,Serbia,1,38,40,Brazil,5539,Carlos Henrique Casimiro,4372.0,Marcos Aoás Corrêa,Complete,12.740487,53.3,41.6,43.9,50.2
3857258,2022-11-24,Group Stage,Serbia,1,38,47,Brazil,4372,Marcos Aoás Corrêa,3295.0,Thiago Emiliano da Silva,Complete,22.556818,51.0,49.8,39.0,30.7
3857258,2022-11-24,Group Stage,Serbia,1,38,53,Brazil,3295,Thiago Emiliano da Silva,6945.0,Alex Sandro Lobo Silva,Complete,15.368149,55.7,25.0,63.4,11.7
3857258,2022-11-24,Group Stage,Serbia,1,38,55,Brazil,6945,Alex Sandro Lobo Silva,3295.0,Thiago Emiliano da Silva,Complete,13.612494,68.1,6.4,57.8,15.3
3857258,2022-11-24,Group Stage,Serbia,1,38,57,Brazil,3295,Thiago Emiliano da Silva,3063.0,Danilo Luiz da Silva,Complete,48.74967,56.7,18.3,68.5,65.6
3857258,2022-11-24,Group Stage,Serbia,1,39,0,Brazil,3063,Danilo Luiz da Silva,4372.0,Marcos Aoás Corrêa,Complete,19.948433,68.5,65.6,54.8,51.1
3857258,2022-11-24,Group Stage,Serbia,1,39,5,Brazil,4372,Marcos Aoás Corrêa,5539.0,Carlos Henrique Casimiro,Complete,8.9196415,55.0,51.7,63.4,48.7
3857258,2022-11-24,Group Stage,Serbia,1,39,7,Brazil,5539,Carlos Henrique Casimiro,10595.0,Raphael Dias Belloli,Complete,26.385603,62.5,52.3,74.3,75.9
3857258,2022-11-24,Group Stage,Serbia,1,39,9,Brazil,10595,Raphael Dias Belloli,22600.0,Lucas Tolentino Coelho de Lima,Complete,36.530125,74.9,75.2,110.2,65.8
3857258,2022-11-24,Group Stage,Serbia,1,39,12,Brazil,22600,Lucas Tolentino Coelho de Lima,3280.0,Richarlison de Andrade,Incomplete,16.137533,110.4,66.7,111.5,50.6
3857258,2022-11-24,Group Stage,Serbia,1,40,27,Brazil,6945,Alex Sandro Lobo Silva,3295.0,Thiago Emiliano da Silva,Complete,9.712878,24.4,17.3,19.7,25.8
3857258,2022-11-24,Group Stage,Serbia,1,40,29,Brazil,3295,Thiago Emiliano da Silva,5539.0,Carlos Henrique Casimiro,Complete,11.548593,21.0,26.0,31.1,31.6
3857258,2022-11-24,Group Stage,Serbia,1,40,31,Brazil,5539,Carlos Henrique Casimiro,,,Incomplete,60.80962,36.4,37.0,94.9,20.4
3857258,2022-11-24,Group Stage,Serbia,1,41,53,Brazil,6945,Alex Sandro Lobo Silva,4320.0,Neymar da Silva Santos Junior,Complete,7.242237,8.6,0.1,15.5,2.3
3857258,2022-11-24,Group Stage,Serbia,1,42,28,Brazil,5547,Alisson Ramsés Becker,3295.0,Thiago Emiliano da Silva,Complete,6.5069194,7.8,13.4,12.5,8.9
3857258,2022-11-24,Group Stage,Serbia,1,42,30,Brazil,3295,Thiago Emiliano da Silva,3063.0,Danilo Luiz da Silva,Complete,49.774292,12.5,10.0,22.3,58.8
3857258,2022-11-24,Group Stage,Serbia,1,42,33,Brazil,3063,Danilo Luiz da Silva,22600.0,Lucas Tolentino Coelho de Lima,Incomplete,16.819334,22.3,58.8,39.0,56.8
3857258,2022-11-24,Group Stage,Serbia,1,42,44,Brazil,22600,Lucas Tolentino Coelho de Lima,5539.0,Carlos Henrique Casimiro,Complete,14.612324,53.3,53.0,52.7,38.4
3857258,2022-11-24,Group Stage,Serbia,1,42,45,Brazil,5539,Carlos Henrique Casimiro,4320.0,Neymar da Silva Santos Junior,Complete,14.503103,52.7,38.4,66.2,33.1
3857258,2022-11-24,Group Stage,Serbia,1,42,51,Brazil,4320,Neymar da Silva Santos Junior,10595.0,Raphael Dias Belloli,Complete,23.67636,69.6,61.8,88.0,76.7
3857258,2022-11-24,Group Stage,Serbia,1,43,41,Brazil,5547,Alisson Ramsés Becker,3063.0,Danilo Luiz da Silva,Complete,27.741846,9.5,50.2,26.4,72.2
3857258,2022-11-24,Group Stage,Serbia,1,43,44,Brazil,3063,Danilo Luiz da Silva,4372.0,Marcos Aoás Corrêa,Complete,17.461386,27.0,71.4,12.9,61.1
3857258,2022-11-24,Group Stage,Serbia,1,43,47,Brazil,4372,Marcos Aoás Corrêa,5547.0,Alisson Ramsés Becker,Complete,17.681911,8.0,57.3,3.9,40.1
3857258,2022-11-24,Group Stage,Serbia,1,43,51,Brazil,5547,Alisson Ramsés Becker,3295.0,Thiago Emiliano da Silva,Complete,24.025194,7.3,41.9,8.4,17.9
3857258,2022-11-24,Group Stage,Serbia,1,43,55,Brazil,3295,Thiago Emiliano da Silva,6945.0,Alex Sandro Lobo Silva,Complete,19.18567,11.2,20.3,19.7,3.1
3857258,2022-11-24,Group Stage,Serbia,1,44,1,Brazil,6945,Alex Sandro Lobo Silva,4320.0,Neymar da Silva Santos Junior,Complete,7.140028,21.5,5.7,27.2,1.4
3857258,2022-11-24,Group Stage,Serbia,1,44,3,Brazil,4320,Neymar da Silva Santos Junior,18395.0,Vinícius José Paixão de Oliveira Júnior,Incomplete,16.00125,27.9,1.0,43.9,1.2
3857258,2022-11-24,Group Stage,Serbia,1,44,22,Brazil,5547,Alisson Ramsés Becker,4320.0,Neymar da Silva Santos Junior,Complete,56.098576,6.9,42.1,50.5,6.8
3857258,2022-11-24,Group Stage,Serbia,1,44,27,Brazil,4320,Neymar da Silva Santos Junior,10595.0,Raphael Dias Belloli,Incomplete,33.018932,80.1,21.3,97.6,49.3
3857258,2022-11-24,Group Stage,Serbia,1,44,31,Brazil,3295,Thiago Emiliano da Silva,3063.0,Danilo Luiz da Silva,Complete,29.394217,56.1,34.8,70.0,60.7
3857258,2022-11-24,Group Stage,Serbia,1,44,34,Brazil,3063,Danilo Luiz da Silva,5539.0,Carlos Henrique Casimiro,Complete,15.601282,70.2,64.7,70.4,49.1
3857258,2022-11-24,Group Stage,Serbia,1,44,36,Brazil,5539,Carlos Henrique Casimiro,22600.0,Lucas Tolentino Coelho de Lima,Complete,16.016241,70.6,50.0,66.2,34.6
3857258,2022-11-24,Group Stage,Serbia,1,44,39,Brazil,22600,Lucas Tolentino Coelho de Lima,6945.0,Alex Sandro Lobo Silva,Complete,17.831432,69.2,29.0,76.2,12.6
3857258,2022-11-24,Group Stage,Serbia,1,44,41,Brazil,6945,Alex Sandro Lobo Silva,4320.0,Neymar da Silva Santos Junior,Complete,6.621178,74.5,10.6,80.5,13.4
3857258,2022-11-24,Group Stage,Serbia,1,44,42,Brazil,4320,Neymar da Silva Santos Junior,22600.0,Lucas Tolentino Coelho de Lima,Complete,8.072174,80.5,13.4,74.5,18.8
3857258,2022-11-24,Group Stage,Serbia,1,44,46,Brazil,22600,Lucas Tolentino Coelho de Lima,5539.0,Carlos Henrique Casimiro,Complete,28.204432,76.9,20.5,76.4,48.7
3857258,2022-11-24,Group Stage,Serbia,1,44,48,Brazil,5539,Carlos Henrique Casimiro,10595.0,Raphael Dias Belloli,Complete,18.895767,76.2,55.1,89.0,69.0
3857258,2022-11-24,Group Stage,Serbia,1,44,52,Brazil,10595,Raphael Dias Belloli,6945.0,Alex Sandro Lobo Silva,Complete,47.442703,82.0,66.2,70.0,20.3
3857258,2022-11-24,Group Stage,Serbia,1,44,57,Brazil,6945,Alex Sandro Lobo Silva,18395.0,Vinícius José Paixão de Oliveira Júnior,Complete,18.474306,78.3,11.7,95.0,3.8
3857258,2022-11-24,Group Stage,Serbia,1,45,2,Brazil,18395,Vinícius José Paixão de Oliveira Júnior,4320.0,Neymar da Silva Santos Junior,Incomplete,17.71807,105.7,10.0,104.9,27.7
3857258,2022-11-24,Group Stage,Serbia,1,45,42,Brazil,3295,Thiago Emiliano da Silva,22600.0,Lucas Tolentino Coelho de Lima,Complete,10.259142,58.0,9.8,65.5,16.8
3857258,2022-11-24,Group Stage,Serbia,1,45,42,Brazil,22600,Lucas Tolentino Coelho de Lima,5539.0,Carlos Henrique Casimiro,Complete,7.0682387,65.5,16.8,68.5,10.4
3857258,2022-11-24,Group Stage,Serbia,1,45,43,Brazil,5539,Carlos Henrique Casimiro,4372.0,Marcos Aoás Corrêa,Complete,27.860006,68.5,10.4,48.8,30.1
3857258,2022-11-24,Group Stage,Serbia,1,45,48,Brazil,4372,Marcos Aoás Corrêa,3063.0,Danilo Luiz da Silva,Complete,18.085354,54.8,43.6,45.0,58.8
3857258,2022-11-24,Group Stage,Serbia,1,45,51,Brazil,3063,Danilo Luiz da Silva,3295.0,Thiago Emiliano da Silva,Complete,31.575306,43.9,54.9,37.9,23.9
3857258,2022-11-24,Group Stage,Serbia,1,45,53,Brazil,3295,Thiago Emiliano da Silva,6945.0,Alex Sandro Lobo Silva,Complete,20.611889,37.7,19.8,49.5,2.9
3857258,2022-11-24,Group Stage,Serbia,1,45,57,Brazil,6945,Alex Sandro Lobo Silva,5539.0,Carlos Henrique Casimiro,Complete,9.749359,66.4,2.3,64.7,11.9
3857258,2022-11-24,Group Stage,Serbia,1,46,0,Brazil,5539,Carlos Henrique Casimiro,3295.0,Thiago Emiliano da Silva,Complete,24.429491,63.6,13.0,48.0,31.8
3857258,2022-11-24,Group Stage,Serbia,2,45,42,Brazil,18395,Vinícius José Paixão de Oliveira Júnior,,,Incomplete,5.818075,109.6,13.8,112.4,18.9
3857258,2022-11-24,Group Stage,Serbia,2,45,56,Brazil,6945,Alex Sandro Lobo Silva,5539.0,Carlos Henrique Casimiro,Complete,16.686821,101.4,0.1,87.1,8.7
3857258,2022-11-24,Group Stage,Serbia,2,45,59,Brazil,5539,Carlos Henrique Casimiro,3063.0,Danilo Luiz da Silva,Complete,51.73867,86.0,11.3,84.0,63.0
3857258,2022-11-24,Group Stage,Serbia,2,46,2,Brazil,3063,Danilo Luiz da Silva,4372.0,Marcos Aoás Corrêa,Complete,18.642426,84.0,63.8,65.5,61.5
3857258,2022-11-24,Group Stage,Serbia,2,46,5,Brazil,4372,Marcos Aoás Corrêa,3295.0,Thiago Emiliano da Silva,Complete,29.929417,58.6,64.3,44.5,37.9
3857258,2022-11-24,Group Stage,Serbia,2,46,13,Brazil,3295,Thiago Emiliano da Silva,3063.0,Danilo Luiz da Silva,Complete,20.25142,54.2,41.3,65.8,57.9
3857258,2022-11-24,Group Stage,Serbia,2,46,16,Brazil,3063,Danilo Luiz da Silva,10595.0,Raphael Dias Belloli,Complete,13.72953,74.2,68.7,86.5,74.8
3857258,2022-11-24,Group Stage,Serbia,2,46,18,Brazil,10595,Raphael Dias Belloli,3063.0,Danilo Luiz da Silva,Complete,9.330059,86.0,77.1,77.1,74.3
3857258,2022-11-24,Group Stage,Serbia,2,46,20,Brazil,3063,Danilo Luiz da Silva,5539.0,Carlos Henrique Casimiro,Complete,12.368508,77.1,74.3,75.8,62.0
3857258,2022-11-24,Group Stage,Serbia,2,46,21,Brazil,5539,Carlos Henrique Casimiro,4372.0,Marcos Aoás Corrêa,Complete,28.557486,74.8,58.4,47.6,67.1
3857258,2022-11-24,Group Stage,Serbia,2,46,29,Brazil,4372,Marcos Aoás Corrêa,3295.0,Thiago Emiliano da Silva,Complete,26.987404,58.1,54.8,52.5,28.4
3857258,2022-11-24,Group Stage,Serbia,2,46,33,Brazil,3295,Thiago Emiliano da Silva,4372.0,Marcos Aoás Corrêa,Complete,29.187155,44.5,27.9,47.8,56.9
3857258,2022-11-24,Group Stage,Serbia,2,46,36,Brazil,4372,Marcos Aoás Corrêa,5539.0,Carlos Henrique Casimiro,Complete,13.029965,41.2,58.4,50.9,49.7
3857258,2022-11-24,Group Stage,Serbia,2,46,37,Brazil,5539,Carlos Henrique Casimiro,10595.0,Raphael Dias Belloli,Incomplete,28.314308,50.9,49.7,73.0,67.4
3857258,2022-11-24,Group Stage,Serbia,2,47,20,Brazil,5539,Carlos Henrique Casimiro,3295.0,Thiago Emiliano da Silva,Complete,12.513193,60.4,23.8,58.1,11.5
3857258,2022-11-24,Group Stage,Serbia,2,47,23,Brazil,3295,Thiago Emiliano da Silva,4372.0,Marcos Aoás Corrêa,Complete,25.773048,57.8,10.7,43.0,31.8
3857258,2022-11-24,Group Stage,Serbia,2,47,29,Brazil,4372,Marcos Aoás Corrêa,4320.0,Neymar da Silva Santos Junior,Complete,17.251377,56.3,37.2,65.8,22.8
3857258,2022-11-24,Group Stage,Serbia,2,47,31,Brazil,4320,Neymar da Silva Santos Junior,6945.0,Alex Sandro Lobo Silva,Complete,9.548298,66.6,20.2,73.5,13.6
3857258,2022-11-24,Group Stage,Serbia,2,47,34,Brazil,6945,Alex Sandro Lobo Silva,4320.0,Neymar da Silva Santos Junior,Complete,7.9906197,73.5,6.4,67.8,12.0
3857258,2022-11-24,Group Stage,Serbia,2,47,37,Brazil,4320,Neymar da Silva Santos Junior,3280.0,Richarlison de Andrade,Complete,15.970598,71.4,12.0,85.5,19.5
3857258,2022-11-24,Group Stage,Serbia,2,47,39,Brazil,3280,Richarlison de Andrade,4320.0,Neymar da Silva Santos Junior,Complete,6.8658576,86.8,21.0,80.1,19.5
3857258,2022-11-24,Group Stage,Serbia,2,47,42,Brazil,4320,Neymar da Silva Santos Junior,3063.0,Danilo Luiz da Silva,Complete,19.57243,81.7,41.3,88.9,59.5
3857258,2022-11-24,Group Stage,Serbia,2,47,45,Brazil,3063,Danilo Luiz da Silva,22600.0,Lucas Tolentino Coelho de Lima,Complete,18.33712,91.7,59.2,104.0,45.6
3857258,2022-11-24,Group Stage,Serbia,2,47,47,Brazil,22600,Lucas Tolentino Coelho de Lima,,,Incomplete,5.9841456,101.4,44.8,100.4,38.9
3857258,2022-11-24,Group Stage,Serbia,2,48,5,Brazil,5539,Carlos Henrique Casimiro,4320.0,Neymar da Silva Santos Junior,Complete,22.314344,53.2,10.7,75.5,11.5
3857258,2022-11-24,Group Stage,Serbia,2,50,20,Brazil,4320,Neymar da Silva Santos Junior,3295.0,Thiago Emiliano da Silva,Complete,34.693085,120.0,0.1,113.1,34.1
3857258,2022-11-24,Group Stage,Serbia,2,50,26,Brazil,4320,Neymar da Silva Santos Junior,,,Incomplete,9.786726,118.6,25.4,117.3,35.1
3857258,2022-11-24,Group Stage,Serbia,2,51,12,Brazil,6945,Alex Sandro Lobo Silva,4320.0,Neymar da Silva Santos Junior,Complete,12.44508,97.1,0.1,88.3,8.9
3857258,2022-11-24,Group Stage,Serbia,2,51,13,Brazil,4320,Neymar da Silva Santos Junior,6945.0,Alex Sandro Lobo Silva,Complete,8.127115,86.0,9.2,93.7,6.6
3857258,2022-11-24,Group Stage,Serbia,2,51,15,Brazil,6945,Alex Sandro Lobo Silva,3295.0,Thiago Emiliano da Silva,Complete,19.944923,83.2,5.6,64.0,11.0
3857258,2022-11-24,Group Stage,Serbia,2,51,21,Brazil,3295,Thiago Emiliano da Silva,4372.0,Marcos Aoás Corrêa,Complete,32.40247,57.8,10.0,42.2,38.4
3857258,2022-11-24,Group Stage,Serbia,2,51,29,Brazil,4372,Marcos Aoás Corrêa,3063.0,Danilo Luiz da Silva,Complete,15.880806,46.8,52.3,55.0,65.9
3857258,2022-11-24,Group Stage,Serbia,2,51,31,Brazil,3063,Danilo Luiz da Silva,4372.0,Marcos Aoás Corrêa,Complete,16.022484,55.8,66.1,41.2,59.5
3857258,2022-11-24,Group Stage,Serbia,2,51,35,Brazil,4372,Marcos Aoás Corrêa,,,Out,82.51121,41.2,55.4,103.5,1.3
3857258,2022-11-24,Group Stage,Serbia,2,51,59,Brazil,22600,Lucas Tolentino Coelho de Lima,3280.0,Richarlison de Andrade,Complete,5.9076223,87.6,26.9,93.5,26.6
3857258,2022-11-24,Group Stage,Serbia,2,52,1,Brazil,3280,Richarlison de Andrade,22600.0,Lucas Tolentino Coelho de Lima,Complete,4.7201695,92.7,31.5,88.9,34.3
3857258,2022-11-24,Group Stage,Serbia,2,52,2,Brazil,22600,Lucas Tolentino Coelho de Lima,10595.0,Raphael Dias Belloli,Complete,18.710958,93.0,42.3,105.3,56.4
3857258,2022-11-24,Group Stage,Serbia,2,52,13,Brazil,5539,Carlos Henrique Casimiro,22600.0,Lucas Tolentino Coelho de Lima,Complete,8.828363,73.7,66.9,82.4,65.4
3857258,2022-11-24,Group Stage,Serbia,2,52,19,Brazil,22600,Lucas Tolentino Coelho de Lima,,,Out,9.3,82.7,70.7,82.7,80.0
3857258,2022-11-24,Group Stage,Serbia,2,53,4,Brazil,3295,Thiago Emiliano da Silva,18395.0,Vinícius José Paixão de Oliveira Júnior,Complete,30.207449,64.8,26.1,86.8,5.4
3857258,2022-11-24,Group Stage,Serbia,2,53,13,Brazil,18395,Vinícius José Paixão de Oliveira Júnior,,,Incomplete,27.601631,115.3,19.5,115.0,47.1
3857258,2022-11-24,Group Stage,Serbia,2,53,22,Brazil,3295,Thiago Emiliano da Silva,5539.0,Carlos Henrique Casimiro,Complete,2.624881,75.3,23.6,74.5,26.1
3857258,2022-11-24,Group Stage,Serbia,2,53,24,Brazil,5539,Carlos Henrique Casimiro,6945.0,Alex Sandro Lobo Silva,Complete,14.649232,71.4,25.4,56.8,26.6
3857258,2022-11-24,Group Stage,Serbia,2,53,26,Brazil,6945,Alex Sandro Lobo Silva,22600.0,Lucas Tolentino Coelho de Lima,Complete,14.762791,56.8,26.9,66.3,38.2
3857258,2022-11-24,Group Stage,Serbia,2,53,27,Brazil,22600,Lucas Tolentino Coelho de Lima,6945.0,Alex Sandro Lobo Silva,Complete,13.682105,67.6,40.2,56.8,31.8
3857258,2022-11-24,Group Stage,Serbia,2,53,29,Brazil,6945,Alex Sandro Lobo Silva,3295.0,Thiago Emiliano da Silva,Complete,18.132015,64.8,32.0,69.9,14.6
3857258,2022-11-24,Group Stage,Serbia,2,53,33,Brazil,3295,Thiago Emiliano da Silva,6945.0,Alex Sandro Lobo Silva,Complete,14.684005,68.6,12.5,64.5,26.6
3857258,2022-11-24,Group Stage,Serbia,2,53,35,Brazil,6945,Alex Sandro Lobo Silva,22600.0,Lucas Tolentino Coelho de Lima,Complete,13.124405,66.8,24.3,76.8,32.8
3857258,2022-11-24,Group Stage,Serbia,2,53,36,Brazil,22600,Lucas Tolentino Coelho de Lima,4372.0,Marcos Aoás Corrêa,Complete,22.321514,76.8,32.8,59.1,46.4
3857258,2022-11-24,Group Stage,Serbia,2,53,40,Brazil,4372,Marcos Aoás Corrêa,3295.0,Thiago Emiliano da Silva,Complete,16.477863,64.8,44.8,63.2,28.4
3857258,2022-11-24,Group Stage,Serbia,2,53,45,Brazil,3295,Thiago Emiliano da Silva,6945.0,Alex Sandro Lobo Silva,Complete,26.955704,63.2,26.9,80.1,5.9
3857258,2022-11-24,Group Stage,Serbia,2,53,48,Brazil,6945,Alex Sandro Lobo Silva,4320.0,Neymar da Silva Santos Junior,Complete,13.1041975,84.0,6.6,80.4,19.2
3857258,2022-11-24,Group Stage,Serbia,2,53,51,Brazil,4320,Neymar da Silva Santos Junior,3280.0,Richarlison de Andrade,Complete,14.36802,88.1,17.2,97.1,28.4
3857258,2022-11-24,Group Stage,Serbia,2,53,52,Brazil,3280,Richarlison de Andrade,4320.0,Neymar da Silva Santos Junior,Incomplete,10.6737995,96.8,28.4,107.1,25.6
3857258,2022-11-24,Group Stage,Serbia,2,54,1,Brazil,6945,Alex Sandro Lobo Silva,3295.0,Thiago Emiliano da Silva,Complete,22.587828,84.0,0.1,64.5,11.5
3857258,2022-11-24,Group Stage,Serbia,2,54,5,Brazil,3295,Thiago Emiliano da Silva,4372.0,Marcos Aoás Corrêa,Complete,28.461378,63.5,15.4,55.8,42.8
3857258,2022-11-24,Group Stage,Serbia,2,54,10,Brazil,4372,Marcos Aoás Corrêa,3063.0,Danilo Luiz da Silva,Complete,23.975405,64.8,42.5,71.9,65.4
3857258,2022-11-24,Group Stage,Serbia,2,54,15,Brazil,3063,Danilo Luiz da Silva,5539.0,Carlos Henrique Casimiro,Complete,12.712985,79.9,73.3,76.0,61.2
3857258,2022-11-24,Group Stage,Serbia,2,54,16,Brazil,5539,Carlos Henrique Casimiro,4372.0,Marcos Aoás Corrêa,Complete,9.8792715,76.8,60.7,67.6,64.3
3857258,2022-11-24,Group Stage,Serbia,2,54,21,Brazil,4372,Marcos Aoás Corrêa,5539.0,Carlos Henrique Casimiro,Complete,6.6483083,67.1,64.3,68.9,57.9
3857258,2022-11-24,Group Stage,Serbia,2,54,22,Brazil,5539,Carlos Henrique Casimiro,4372.0,Marcos Aoás Corrêa,Complete,13.232158,66.3,58.7,56.6,67.7
3857258,2022-11-24,Group Stage,Serbia,2,54,25,Brazil,4372,Marcos Aoás Corrêa,3063.0,Danilo Luiz da Silva,Complete,17.551353,54.8,73.3,72.2,75.6
3857258,2022-11-24,Group Stage,Serbia,2,54,27,Brazil,3063,Danilo Luiz da Silva,4320.0,Neymar da Silva Santos Junior,Complete,14.632156,69.9,78.4,76.0,65.1
3857258,2022-11-24,Group Stage,Serbia,2,54,28,Brazil,4320,Neymar da Silva Santos Junior,22600.0,Lucas Tolentino Coelho de Lima,Incomplete,8.374366,76.0,67.1,84.2,65.4
3857258,2022-11-24,Group Stage,Serbia,2,54,31,Brazil,5539,Carlos Henrique Casimiro,6945.0,Alex Sandro Lobo Silva,Complete,18.343937,62.5,57.9,73.2,43.0
3857258,2022-11-24,Group Stage,Serbia,2,54,36,Brazil,6945,Alex Sandro Lobo Silva,18395.0,Vinícius José Paixão de Oliveira Júnior,Complete,24.018534,91.2,36.9,104.5,16.9
3857258,2022-11-24,Group Stage,Serbia,2,54,38,Brazil,18395,Vinícius José Paixão de Oliveira Júnior,4320.0,Neymar da Silva Santos Junior,Complete,24.303291,107.1,14.6,107.5,38.9
3857258,2022-11-24,Group Stage,Serbia,2,55,20,Brazil,22600,Lucas Tolentino Coelho de Lima,,,Incomplete,22.537525,38.6,58.7,58.1,47.4
3857258,2022-11-24,Group Stage,Serbia,2,55,26,Brazil,5539,Carlos Henrique Casimiro,,,Incomplete,19.64001,46.8,48.4,62.5,36.6
3857258,2022-11-24,Group Stage,Serbia,2,55,38,Brazil,5547,Alisson Ramsés Becker,4372.0,Marcos Aoás Corrêa,Complete,7.072482,9.1,50.2,15.0,54.1
3857258,2022-11-24,Group Stage,Serbia,2,55,39,Brazil,4372,Marcos Aoás Corrêa,3295.0,Thiago Emiliano da Silva,Complete,17.069563,14.3,52.8,11.9,35.9
3857258,2022-11-24,Group Stage,Serbia,2,55,48,Brazil,3295,Thiago Emiliano da Silva,3063.0,Danilo Luiz da Silva,Complete,21.652021,41.7,34.3,43.2,55.9
3857258,2022-11-24,Group Stage,Serbia,2,55,50,Brazil,3063,Danilo Luiz da Silva,3295.0,Thiago Emiliano da Silva,Complete,12.3583975,44.2,49.7,43.0,37.4
3857258,2022-11-24,Group Stage,Serbia,2,55,53,Brazil,3295,Thiago Emiliano da Silva,4320.0,Neymar da Silva Santos Junior,Complete,36.688553,46.8,37.7,80.1,22.3
3857258,2022-11-24,Group Stage,Serbia,2,56,51,Brazil,4320,Neymar da Silva Santos Junior,,,Incomplete,45.518566,73.5,19.7,115.0,38.4
3857258,2022-11-24,Group Stage,Serbia,2,58,47,Brazil,5547,Alisson Ramsés Becker,6945.0,Alex Sandro Lobo Silva,Complete,47.600105,7.0,44.1,39.9,9.7
3857258,2022-11-24,Group Stage,Serbia,2,58,49,Brazil,6945,Alex Sandro Lobo Silva,4320.0,Neymar da Silva Santos Junior,Complete,25.837957,53.0,8.4,69.6,28.2
3857258,2022-11-24,Group Stage,Serbia,2,59,6,Brazil,4372,Marcos Aoás Corrêa,5539.0,Carlos Henrique Casimiro,Complete,9.178235,63.2,42.5,61.4,51.5
3857258,2022-11-24,Group Stage,Serbia,2,59,9,Brazil,5539,Carlos Henrique Casimiro,10595.0,Raphael Dias Belloli,Incomplete,30.686316,63.5,53.8,91.7,65.9
3857258,2022-11-24,Group Stage,Serbia,2,59,13,Brazil,5539,Carlos Henrique Casimiro,3063.0,Danilo Luiz da Silva,Complete,7.4464755,68.1,61.5,75.0,64.3
3857258,2022-11-24,Group Stage,Serbia,2,59,17,Brazil,3063,Danilo Luiz da Silva,10595.0,Raphael Dias Belloli,Complete,13.743726,85.0,66.6,95.8,75.1
3857258,2022-11-24,Group Stage,Serbia,2,59,21,Brazil,10595,Raphael Dias Belloli,6945.0,Alex Sandro Lobo Silva,Complete,31.030468,92.7,73.3,82.2,44.1
3857258,2022-11-24,Group Stage,Serbia,2,59,30,Brazil,3063,Danilo Luiz da Silva,,,Incomplete,32.778194,103.0,67.1,110.1,35.1
3857258,2022-11-24,Group Stage,Serbia,2,60,19,Brazil,5539,Carlos Henrique Casimiro,3280.0,Richarlison de Andrade,Complete,14.013208,35.5,53.6,48.9,57.7
3857258,2022-11-24,Group Stage,Serbia,2,60,21,Brazil,3280,Richarlison de Andrade,10595.0,Raphael Dias Belloli,Incomplete,59.1,46.8,63.8,105.3,55.4
3857258,2022-11-24,Group Stage,Serbia,2,60,51,Brazil,3063,Danilo Luiz da Silva,,,Incomplete,4.4,87.3,76.6,91.7,76.6
3857258,2022-11-24,Group Stage,Serbia,2,60,59,Brazil,3295,Thiago Emiliano da Silva,4372.0,Marcos Aoás Corrêa,Complete,17.963573,45.3,71.0,59.1,59.5
3857258,2022-11-24,Group Stage,Serbia,2,61,1,Brazil,4372,Marcos Aoás Corrêa,6945.0,Alex Sandro Lobo Silva,Complete,14.369412,56.8,57.9,45.0,49.7
3857258,2022-11-24,Group Stage,Serbia,2,61,4,Brazil,6945,Alex Sandro Lobo Silva,4320.0,Neymar da Silva Santos Junior,Complete,22.40558,44.2,37.2,66.6,37.7
3857258,2022-11-24,Group Stage,Serbia,2,61,7,Brazil,4320,Neymar da Silva Santos Junior,6945.0,Alex Sandro Lobo Silva,Complete,13.250283,62.2,33.8,50.1,28.4
3857258,2022-11-24,Group Stage,Serbia,2,61,8,Brazil,6945,Alex Sandro Lobo Silva,5539.0,Carlos Henrique Casimiro,Complete,8.68159,51.2,30.5,54.8,38.4
3857258,2022-11-24,Group Stage,Serbia,2,61,10,Brazil,5539,Carlos Henrique Casimiro,3063.0,Danilo Luiz da Silva,Complete,23.977072,53.2,43.3,62.5,65.4
3857258,2022-11-24,Group Stage,Serbia,2,61,14,Brazil,3063,Danilo Luiz da Silva,10595.0,Raphael Dias Belloli,Complete,8.459906,66.3,71.5,73.7,75.6
3857258,2022-11-24,Group Stage,Serbia,2,61,18,Brazil,10595,Raphael Dias Belloli,3295.0,Thiago Emiliano da Silva,Complete,23.722775,70.4,73.8,47.3,68.4
3857258,2022-11-24,Group Stage,Serbia,2,61,21,Brazil,3295,Thiago Emiliano da Silva,6945.0,Alex Sandro Lobo Silva,Complete,39.566906,52.5,61.5,54.8,22.0
3857258,2022-11-24,Group Stage,Serbia,2,61,24,Brazil,6945,Alex Sandro Lobo Silva,4372.0,Marcos Aoás Corrêa,Complete,8.395237,56.8,22.8,58.6,31.0
3857258,2022-11-24,Group Stage,Serbia,2,61,26,Brazil,4372,Marcos Aoás Corrêa,6945.0,Alex Sandro Lobo Silva,Complete,16.728718,58.6,28.7,65.8,13.6
3857258,2022-11-24,Group Stage,Serbia,2,61,28,Brazil,6945,Alex Sandro Lobo Silva,18395.0,Vinícius José Paixão de Oliveira Júnior,Complete,18.298906,69.4,14.6,86.0,6.9
3857258,2022-11-24,Group Stage,Serbia,2,61,31,Brazil,18395,Vinícius José Paixão de Oliveira Júnior,5539.0,Carlos Henrique Casimiro,Complete,23.605295,86.0,6.9,85.5,30.5
3857258,2022-11-24,Group Stage,Serbia,2,61,36,Brazil,5539,Carlos Henrique Casimiro,3063.0,Danilo Luiz da Silva,Complete,26.519804,85.8,32.3,80.1,58.2
3857258,2022-11-24,Group Stage,Serbia,2,61,38,Brazil,3063,Danilo Luiz da Silva,10595.0,Raphael Dias Belloli,Complete,14.686048,81.7,61.2,94.5,68.4
3857258,2022-11-24,Group Stage,Serbia,2,61,41,Brazil,10595,Raphael Dias Belloli,4320.0,Neymar da Silva Santos Junior,Complete,15.962456,95.5,60.5,105.3,47.9
3857258,2022-11-24,Group Stage,Serbia,2,61,46,Brazil,3295,Thiago Emiliano da Silva,3063.0,Danilo Luiz da Silva,Complete,13.009612,79.1,55.9,86.5,66.6
3857258,2022-11-24,Group Stage,Serbia,2,61,49,Brazil,3063,Danilo Luiz da Silva,5539.0,Carlos Henrique Casimiro,Complete,10.722873,86.5,66.6,85.8,55.9
3857258,2022-11-24,Group Stage,Serbia,2,61,51,Brazil,5539,Carlos Henrique Casimiro,4320.0,Neymar da Silva Santos Junior,Complete,6.4884515,86.0,54.6,91.7,51.5
3857258,2022-11-24,Group Stage,Serbia,2,61,56,Brazil,4320,Neymar da Silva Santos Junior,18395.0,Vinícius José Paixão de Oliveira Júnior,Complete,5.531727,105.8,30.5,110.0,26.9
3857258,2022-11-24,Group Stage,Serbia,2,63,33,Brazil,6945,Alex Sandro Lobo Silva,3295.0,Thiago Emiliano da Silva,Complete,10.823123,20.4,13.3,11.9,6.6
3857258,2022-11-24,Group Stage,Serbia,2,63,36,Brazil,3295,Thiago Emiliano da Silva,6945.0,Alex Sandro Lobo Silva,Complete,7.34983,15.0,5.4,10.9,11.5
3857258,2022-11-24,Group Stage,Serbia,2,63,38,Brazil,6945,Alex Sandro Lobo Silva,,,Incomplete,35.196163,10.9,11.5,46.0,8.9
3857258,2022-11-24,Group Stage,Serbia,2,65,26,Brazil,3295,Thiago Emiliano da Silva,,,Incomplete,68.32072,38.6,10.0,91.2,53.6
3857258,2022-11-24,Group Stage,Serbia,2,65,41,Brazil,3063,Danilo Luiz da Silva,10595.0,Raphael Dias Belloli,Complete,9.617692,4.8,74.1,14.3,75.6
3857258,2022-11-24,Group Stage,Serbia,2,65,41,Brazil,10595,Raphael Dias Belloli,3063.0,Danilo Luiz da Silva,Complete,7.9,13.7,75.1,5.8,75.1
3857258,2022-11-24,Group Stage,Serbia,2,65,44,Brazil,3063,Danilo Luiz da Silva,3280.0,Richarlison de Andrade,Complete,23.067293,6.1,75.1,28.4,69.2
3857258,2022-11-24,Group Stage,Serbia,2,65,45,Brazil,3280,Richarlison de Andrade,22600.0,Lucas Tolentino Coelho de Lima,Complete,5.9076223,28.4,69.7,22.5,70.0
3857258,2022-11-24,Group Stage,Serbia,2,65,46,Brazil,22600,Lucas Tolentino Coelho de Lima,10595.0,Raphael Dias Belloli,Incomplete,47.2,21.9,68.7,69.1,68.7
3857258,2022-11-24,Group Stage,Serbia,2,66,34,Brazil,5539,Carlos Henrique Casimiro,10595.0,Raphael Dias Belloli,Complete,7.1112585,33.2,60.7,36.3,67.1
3857258,2022-11-24,Group Stage,Serbia,2,66,36,Brazil,10595,Raphael Dias Belloli,4320.0,Neymar da Silva Santos Junior,Complete,36.390247,40.1,68.4,67.8,44.8
3857258,2022-11-24,Group Stage,Serbia,2,69,6,Brazil,5547,Alisson Ramsés Becker,4372.0,Marcos Aoás Corrêa,Complete,20.074362,7.0,36.1,14.3,54.8
3857258,2022-11-24,Group Stage,Serbia,2,69,8,Brazil,4372,Marcos Aoás Corrêa,3295.0,Thiago Emiliano da Silva,Complete,20.62862,15.0,56.4,12.7,35.9
3857258,2022-11-24,Group Stage,Serbia,2,69,13,Brazil,3295,Thiago Emiliano da Silva,4320.0,Neymar da Silva Santos Junior,Complete,25.46095,25.0,35.1,45.5,20.0
3857258,2022-11-24,Group Stage,Serbia,2,69,14,Brazil,4320,Neymar da Silva Santos Junior,6945.0,Alex Sandro Lobo Silva,Complete,10.107423,48.4,18.7,39.4,14.1
3857258,2022-11-24,Group Stage,Serbia,2,70,41,Brazil,5547,Alisson Ramsés Becker,3280.0,Richarlison de Andrade,Incomplete,70.22343,7.0,36.1,76.8,43.8
3857258,2022-11-24,Group Stage,Serbia,2,71,4,Brazil,5547,Alisson Ramsés Becker,22600.0,Lucas Tolentino Coelho de Lima,Complete,14.383672,11.4,54.1,22.2,63.6
3857258,2022-11-24,Group Stage,Serbia,2,71,8,Brazil,22600,Lucas Tolentino Coelho de Lima,10595.0,Raphael Dias Belloli,Complete,13.267253,44.2,75.6,57.3,77.7
3857258,2022-11-24,Group Stage,Serbia,2,71,29,Brazil,3063,Danilo Luiz da Silva,3280.0,Richarlison de Andrade,Complete,26.758924,63.7,80.0,88.9,71.0
3857258,2022-11-24,Group Stage,Serbia,2,71,32,Brazil,3280,Richarlison de Andrade,10595.0,Raphael Dias Belloli,Complete,4.8548946,85.8,71.5,83.2,67.4
3857258,2022-11-24,Group Stage,Serbia,2,71,33,Brazil,10595,Raphael Dias Belloli,4320.0,Neymar da Silva Santos Junior,Complete,15.357409,85.5,63.0,82.7,47.9
3857258,2022-11-24,Group Stage,Serbia,2,71,37,Brazil,4320,Neymar da Silva Santos Junior,,,Incomplete,9.80867,90.1,46.1,94.0,55.1
3857258,2022-11-24,Group Stage,Serbia,2,71,52,Brazil,18395,Vinícius José Paixão de Oliveira Júnior,4320.0,Neymar da Silva Santos Junior,Incomplete,10.160708,97.8,14.8,99.6,24.8
3857258,2022-11-24,Group Stage,Serbia,2,72,33,Brazil,3063,Danilo Luiz da Silva,10595.0,Raphael Dias Belloli,Complete,16.420109,29.9,80.0,45.8,75.9
3857258,2022-11-24,Group Stage,Serbia,2,72,35,Brazil,10595,Raphael Dias Belloli,18395.0,Vinícius José Paixão de Oliveira Júnior,Incomplete,54.976814,44.3,75.9,70.0,27.3
3857258,2022-11-24,Group Stage,Serbia,2,72,43,Brazil,6945,Alex Sandro Lobo Silva,18395.0,Vinícius José Paixão de Oliveira Júnior,Complete,26.55146,58.9,18.6,83.2,7.9
3857258,2022-11-24,Group Stage,Serbia,2,72,45,Brazil,18395,Vinícius José Paixão de Oliveira Júnior,4320.0,Neymar da Silva Santos Junior,Complete,7.7620873,82.4,7.7,77.6,13.8
3857258,2022-11-24,Group Stage,Serbia,2,72,49,Brazil,4320,Neymar da Silva Santos Junior,18395.0,Vinícius José Paixão de Oliveira Júnior,Complete,14.56022,86.8,15.9,100.4,10.7
3857258,2022-11-24,Group Stage,Serbia,2,72,52,Brazil,18395,Vinícius José Paixão de Oliveira Júnior,3280.0,Richarlison de Andrade,Complete,17.71807,109.4,24.8,108.6,42.5
3857258,2022-11-24,Group Stage,Serbia,2,76,11,Brazil,10595,Raphael Dias Belloli,3280.0,Richarlison de Andrade,Complete,16.685923,62.5,63.0,77.6,55.9
3857258,2022-11-24,Group Stage,Serbia,2,76,13,Brazil,3280,Richarlison de Andrade,3063.0,Danilo Luiz da Silva,Complete,19.02761,79.4,59.2,87.1,76.6
3857258,2022-11-24,Group Stage,Serbia,2,76,17,Brazil,3063,Danilo Luiz da Silva,,,Incomplete,39.40076,93.0,72.0,110.9,36.9
3857258,2022-11-24,Group Stage,Serbia,2,76,33,Brazil,9904,Frederico Rodrigues Santos,6945.0,Alex Sandro Lobo Silva,Complete,8.420214,56.3,29.5,51.2,22.8
3857258,2022-11-24,Group Stage,Serbia,2,76,35,Brazil,6945,Alex Sandro Lobo Silva,25104.0,Rodrygo Silva de Goes,Complete,13.82787,49.6,19.7,63.2,17.2
3857258,2022-11-24,Group Stage,Serbia,2,76,39,Brazil,25104,Rodrygo Silva de Goes,4320.0,Neymar da Silva Santos Junior,Complete,10.332473,77.8,12.5,80.4,22.5
3857258,2022-11-24,Group Stage,Serbia,2,76,40,Brazil,4320,Neymar da Silva Santos Junior,25104.0,Rodrygo Silva de Goes,Complete,22.051077,80.4,23.6,97.1,9.2
3857258,2022-11-24,Group Stage,Serbia,2,77,15,Brazil,6945,Alex Sandro Lobo Silva,4320.0,Neymar da Silva Santos Junior,Complete,8.099382,105.0,0.1,102.2,7.7
3857258,2022-11-24,Group Stage,Serbia,2,77,16,Brazil,4320,Neymar da Silva Santos Junior,5539.0,Carlos Henrique Casimiro,Complete,4.1,101.4,7.7,97.3,7.7
3857258,2022-11-24,Group Stage,Serbia,2,77,17,Brazil,5539,Carlos Henrique Casimiro,25104.0,Rodrygo Silva de Goes,Complete,8.19329,97.1,7.4,104.8,10.2
3857258,2022-11-24,Group Stage,Serbia,2,79,23,Brazil,6945,Alex Sandro Lobo Silva,5539.0,Carlos Henrique Casimiro,Complete,13.080137,87.1,0.1,76.6,7.9
3857258,2022-11-24,Group Stage,Serbia,2,79,25,Brazil,5539,Carlos Henrique Casimiro,6945.0,Alex Sandro Lobo Silva,Complete,7.61643,76.6,7.9,84.2,7.4
3857258,2022-11-24,Group Stage,Serbia,2,79,27,Brazil,6945,Alex Sandro Lobo Silva,,,Incomplete,8.01561,83.2,7.4,91.2,6.9
3857258,2022-11-24,Group Stage,Serbia,2,79,32,Brazil,3295,Thiago Emiliano da Silva,5539.0,Carlos Henrique Casimiro,Complete,8.987213,41.7,12.0,49.1,6.9
3857258,2022-11-24,Group Stage,Serbia,2,79,33,Brazil,5539,Carlos Henrique Casimiro,6945.0,Alex Sandro Lobo Silva,Complete,5.4,47.8,6.9,53.2,6.9
3857258,2022-11-24,Group Stage,Serbia,2,79,34,Brazil,6945,Alex Sandro Lobo Silva,9904.0,Frederico Rodrigues Santos,Complete,10.191173,51.7,6.9,44.2,13.8
3857258,2022-11-24,Group Stage,Serbia,2,79,35,Brazil,9904,Frederico Rodrigues Santos,5539.0,Carlos Henrique Casimiro,Complete,6.26099,44.5,13.8,47.3,8.2
3857258,2022-11-24,Group Stage,Serbia,2,79,36,Brazil,5539,Carlos Henrique Casimiro,25104.0,Rodrygo Silva de Goes,Complete,21.858637,45.8,8.2,57.6,26.6
3857258,2022-11-24,Group Stage,Serbia,2,79,40,Brazil,25104,Rodrygo Silva de Goes,10595.0,Raphael Dias Belloli,Complete,31.092443,59.6,48.4,77.1,74.1
3857258,2022-11-24,Group Stage,Serbia,2,79,46,Brazil,10595,Raphael Dias Belloli,3063.0,Danilo Luiz da Silva,Complete,14.993332,99.4,65.4,114.2,63.0
3857258,2022-11-24,Group Stage,Serbia,2,79,48,Brazil,3063,Danilo Luiz da Silva,10595.0,Raphael Dias Belloli,Complete,8.268011,113.0,65.4,106.0,61.0
3857258,2022-11-24,Group Stage,Serbia,2,79,50,Brazil,10595,Raphael Dias Belloli,25104.0,Rodrygo Silva de Goes,Complete,11.374533,107.6,61.5,106.3,50.2
3857258,2022-11-24,Group Stage,Serbia,2,79,54,Brazil,6945,Alex Sandro Lobo Silva,25363.0,Antony Matheus dos Santos,Complete,21.053503,76.8,37.4,92.7,23.6
3857258,2022-11-24,Group Stage,Serbia,2,79,56,Brazil,25363,Antony Matheus dos Santos,3202.0,Gabriel Fernando de Jesus,Complete,5.6435804,94.5,24.8,99.4,22.0
3857258,2022-11-24,Group Stage,Serbia,2,79,58,Brazil,3202,Gabriel Fernando de Jesus,25363.0,Antony Matheus dos Santos,Complete,5.235456,99.6,22.5,95.0,20.0
3857258,2022-11-24,Group Stage,Serbia,2,80,0,Brazil,25363,Antony Matheus dos Santos,3202.0,Gabriel Fernando de Jesus,Complete,8.440379,96.3,12.3,98.3,20.5
3857258,2022-11-24,Group Stage,Serbia,2,80,1,Brazil,3202,Gabriel Fernando de Jesus,25363.0,Antony Matheus dos Santos,Complete,4.609772,98.3,20.5,98.6,15.9
3857258,2022-11-24,Group Stage,Serbia,2,80,3,Brazil,25363,Antony Matheus dos Santos,6945.0,Alex Sandro Lobo Silva,Complete,14.634207,94.0,11.0,79.4,12.0
3857258,2022-11-24,Group Stage,Serbia,2,80,5,Brazil,6945,Alex Sandro Lobo Silva,5539.0,Carlos Henrique Casimiro,Complete,12.614674,79.4,12.0,82.2,24.3
3857258,2022-11-24,Group Stage,Serbia,2,80,6,Brazil,5539,Carlos Henrique Casimiro,6945.0,Alex Sandro Lobo Silva,Complete,7.615773,82.2,24.6,80.4,17.2
3857258,2022-11-24,Group Stage,Serbia,2,80,8,Brazil,6945,Alex Sandro Lobo Silva,25363.0,Antony Matheus dos Santos,Out,42.578987,77.6,15.6,120.0,19.5
3857258,2022-11-24,Group Stage,Serbia,2,80,36,Brazil,25104,Rodrygo Silva de Goes,,,Incomplete,7.324616,78.6,32.3,72.4,28.4
3857258,2022-11-24,Group Stage,Serbia,2,80,42,Brazil,3202,Gabriel Fernando de Jesus,9904.0,Frederico Rodrigues Santos,Complete,16.107761,81.2,22.8,81.7,38.9
3857258,2022-11-24,Group Stage,Serbia,2,80,45,Brazil,9904,Frederico Rodrigues Santos,10595.0,Raphael Dias Belloli,Complete,22.900873,91.4,42.3,105.3,60.5
3857258,2022-11-24,Group Stage,Serbia,2,80,50,Brazil,10595,Raphael Dias Belloli,3202.0,Gabriel Fernando de Jesus,Complete,10.589146,104.5,54.1,96.3,47.4
3857258,2022-11-24,Group Stage,Serbia,2,80,51,Brazil,3202,Gabriel Fernando de Jesus,5539.0,Carlos Henrique Casimiro,Complete,9.912619,98.6,45.1,98.1,35.2
3857258,2022-11-24,Group Stage,Serbia,2,80,55,Brazil,9904,Frederico Rodrigues Santos,3063.0,Danilo Luiz da Silva,Complete,12.734991,98.3,55.9,86.0,59.2
3857258,2022-11-24,Group Stage,Serbia,2,80,57,Brazil,3063,Danilo Luiz da Silva,9904.0,Frederico Rodrigues Santos,Complete,11.449018,82.2,60.2,92.4,65.4
3857258,2022-11-24,Group Stage,Serbia,2,80,58,Brazil,9904,Frederico Rodrigues Santos,3063.0,Danilo Luiz da Silva,Complete,9.066973,91.2,65.4,82.2,64.3
3857258,2022-11-24,Group Stage,Serbia,2,81,0,Brazil,3063,Danilo Luiz da Silva,3295.0,Thiago Emiliano da Silva,Complete,21.690552,79.4,63.0,67.6,44.8
3857258,2022-11-24,Group Stage,Serbia,2,81,1,Brazil,3295,Thiago Emiliano da Silva,5539.0,Carlos Henrique Casimiro,Complete,13.961734,67.8,41.3,76.0,30.0
3857258,2022-11-24,Group Stage,Serbia,2,81,3,Brazil,5539,Carlos Henrique Casimiro,6945.0,Alex Sandro Lobo Silva,Complete,16.220049,78.1,30.2,87.8,17.2
3857258,2022-11-24,Group Stage,Serbia,2,81,5,Brazil,6945,Alex Sandro Lobo Silva,25363.0,Antony Matheus dos Santos,Complete,14.821943,88.1,22.5,100.1,13.8
3857258,2022-11-24,Group Stage,Serbia,2,81,9,Brazil,25363,Antony Matheus dos Santos,6945.0,Alex Sandro Lobo Silva,Complete,7.864477,107.3,12.0,99.6,13.6
3857258,2022-11-24,Group Stage,Serbia,2,81,11,Brazil,6945,Alex Sandro Lobo Silva,3295.0,Thiago Emiliano da Silva,Complete,29.560108,98.6,14.6,69.4,19.2
3857258,2022-11-24,Group Stage,Serbia,2,81,14,Brazil,3295,Thiago Emiliano da Silva,4372.0,Marcos Aoás Corrêa,Complete,36.555984,66.3,27.2,56.8,62.5
3857258,2022-11-24,Group Stage,Serbia,2,81,20,Brazil,4372,Marcos Aoás Corrêa,3063.0,Danilo Luiz da Silva,Complete,13.094274,69.6,74.3,73.5,61.8
3857258,2022-11-24,Group Stage,Serbia,2,81,22,Brazil,3063,Danilo Luiz da Silva,5539.0,Carlos Henrique Casimiro,Complete,20.42988,73.5,61.8,53.2,59.5
3857258,2022-11-24,Group Stage,Serbia,2,81,24,Brazil,5539,Carlos Henrique Casimiro,6945.0,Alex Sandro Lobo Silva,Complete,33.821,53.2,56.9,73.7,30.0
3857258,2022-11-24,Group Stage,Serbia,2,81,26,Brazil,6945,Alex Sandro Lobo Silva,25104.0,Rodrygo Silva de Goes,Complete,15.383758,78.3,28.2,90.4,18.7
3857258,2022-11-24,Group Stage,Serbia,2,81,31,Brazil,25104,Rodrygo Silva de Goes,9904.0,Frederico Rodrigues Santos,Complete,9.013878,99.1,22.8,99.6,31.8
3857258,2022-11-24,Group Stage,Serbia,2,81,32,Brazil,9904,Frederico Rodrigues Santos,25104.0,Rodrygo Silva de Goes,Complete,4.570558,99.6,31.8,98.8,27.3
3857258,2022-11-24,Group Stage,Serbia,2,81,40,Brazil,10595,Raphael Dias Belloli,3063.0,Danilo Luiz da Silva,Complete,10.40865,105.3,73.0,95.0,71.5
3857258,2022-11-24,Group Stage,Serbia,2,81,42,Brazil,3063,Danilo Luiz da Silva,5539.0,Carlos Henrique Casimiro,Complete,13.329666,94.5,71.0,88.3,59.2
3857258,2022-11-24,Group Stage,Serbia,2,81,44,Brazil,5539,Carlos Henrique Casimiro,6945.0,Alex Sandro Lobo Silva,Complete,9.9368,88.3,57.7,84.8,48.4
3857258,2022-11-24,Group Stage,Serbia,2,81,45,Brazil,6945,Alex Sandro Lobo Silva,25104.0,Rodrygo Silva de Goes,Complete,4.0853395,84.0,47.4,87.8,48.9
3857258,2022-11-24,Group Stage,Serbia,2,81,47,Brazil,25104,Rodrygo Silva de Goes,3063.0,Danilo Luiz da Silva,Complete,16.93074,87.8,48.9,79.4,63.6
3857258,2022-11-24,Group Stage,Serbia,2,81,50,Brazil,3063,Danilo Luiz da Silva,10595.0,Raphael Dias Belloli,Complete,14.618482,80.4,64.3,88.3,76.6
3857258,2022-11-24,Group Stage,Serbia,2,81,56,Brazil,10595,Raphael Dias Belloli,9904.0,Frederico Rodrigues Santos,Complete,13.333041,91.7,76.4,97.3,64.3
3857258,2022-11-24,Group Stage,Serbia,2,81,59,Brazil,9904,Frederico Rodrigues Santos,3202.0,Gabriel Fernando de Jesus,Incomplete,22.71079,96.8,61.0,116.5,49.7
3857258,2022-11-24,Group Stage,Serbia,2,82,25,Brazil,4372,Marcos Aoás Corrêa,3063.0,Danilo Luiz da Silva,Complete,10.948973,71.4,77.7,82.2,75.9
3857258,2022-11-24,Group Stage,Serbia,2,82,26,Brazil,3063,Danilo Luiz da Silva,5539.0,Carlos Henrique Casimiro,Complete,12.606348,78.3,75.3,68.9,66.9
3857258,2022-11-24,Group Stage,Serbia,2,82,29,Brazil,5539,Carlos Henrique Casimiro,9904.0,Frederico Rodrigues Santos,Complete,20.0085,67.6,61.2,87.3,57.7
3857258,2022-11-24,Group Stage,Serbia,2,83,2,Brazil,25104,Rodrygo Silva de Goes,25363.0,Antony Matheus dos Santos,Complete,12.316655,120.0,0.1,110.9,8.4
3857258,2022-11-24,Group Stage,Serbia,2,83,4,Brazil,25363,Antony Matheus dos Santos,6945.0,Alex Sandro Lobo Silva,Complete,24.326323,110.9,8.4,87.3,14.3
3857258,2022-11-24,Group Stage,Serbia,2,83,7,Brazil,6945,Alex Sandro Lobo Silva,25363.0,Antony Matheus dos Santos,Complete,15.030636,86.5,14.1,100.1,7.7
3857258,2022-11-24,Group Stage,Serbia,2,83,10,Brazil,25363,Antony Matheus dos Santos,25104.0,Rodrygo Silva de Goes,Complete,4.016217,102.7,7.7,101.4,11.5
3857258,2022-11-24,Group Stage,Serbia,2,83,11,Brazil,25104,Rodrygo Silva de Goes,25363.0,Antony Matheus dos Santos,Complete,6.6483083,98.9,15.9,103.7,11.3
3857258,2022-11-24,Group Stage,Serbia,2,83,13,Brazil,25363,Antony Matheus dos Santos,6945.0,Alex Sandro Lobo Silva,Complete,15.743253,101.2,6.9,86.0,11.0
3857258,2022-11-24,Group Stage,Serbia,2,83,16,Brazil,6945,Alex Sandro Lobo Silva,3063.0,Danilo Luiz da Silva,Complete,42.02059,86.0,12.3,81.7,54.1
3857258,2022-11-24,Group Stage,Serbia,2,83,20,Brazil,3063,Danilo Luiz da Silva,10595.0,Raphael Dias Belloli,Complete,13.393282,80.4,55.4,92.7,60.7
3857258,2022-11-24,Group Stage,Serbia,2,83,23,Brazil,10595,Raphael Dias Belloli,25104.0,Rodrygo Silva de Goes,Pass Offside,25.550146,93.0,60.5,113.0,44.6
3857258,2022-11-24,Group Stage,Serbia,2,84,12,Brazil,5547,Alisson Ramsés Becker,3295.0,Thiago Emiliano da Silva,Complete,11.552056,7.0,44.1,9.4,32.8
3857258,2022-11-24,Group Stage,Serbia,2,84,19,Brazil,3295,Thiago Emiliano da Silva,25363.0,Antony Matheus dos Santos,Complete,23.527431,8.6,31.3,30.9,23.8
3857258,2022-11-24,Group Stage,Serbia,2,84,59,Brazil,25104,Rodrygo Silva de Goes,25363.0,Antony Matheus dos Santos,Complete,22.14159,24.8,10.2,46.8,7.7
3857258,2022-11-24,Group Stage,Serbia,2,85,4,Brazil,25363,Antony Matheus dos Santos,5539.0,Carlos Henrique Casimiro,Complete,15.076471,44.5,7.9,29.6,10.2
3857258,2022-11-24,Group Stage,Serbia,2,85,6,Brazil,5539,Carlos Henrique Casimiro,6945.0,Alex Sandro Lobo Silva,Complete,10.304368,28.4,10.2,28.1,20.5
3857258,2022-11-24,Group Stage,Serbia,2,85,7,Brazil,6945,Alex Sandro Lobo Silva,3295.0,Thiago Emiliano da Silva,Complete,12.806249,27.1,22.3,19.1,32.3
3857258,2022-11-24,Group Stage,Serbia,2,85,9,Brazil,3295,Thiago Emiliano da Silva,3063.0,Danilo Luiz da Silva,Complete,49.934856,19.1,32.5,50.9,71.0
3857258,2022-11-24,Group Stage,Serbia,2,85,13,Brazil,3063,Danilo Luiz da Silva,10595.0,Raphael Dias Belloli,Complete,16.347782,61.9,72.8,77.8,76.6
3857258,2022-11-24,Group Stage,Serbia,2,85,20,Brazil,10595,Raphael Dias Belloli,3063.0,Danilo Luiz da Silva,Complete,13.994642,90.7,77.1,77.1,73.8
3857258,2022-11-24,Group Stage,Serbia,2,85,22,Brazil,3063,Danilo Luiz da Silva,4372.0,Marcos Aoás Corrêa,Complete,15.305228,76.8,72.0,64.8,62.5
3857258,2022-11-24,Group Stage,Serbia,2,85,29,Brazil,4372,Marcos Aoás Corrêa,3063.0,Danilo Luiz da Silva,Complete,14.905368,63.5,51.5,69.6,65.1
3857258,2022-11-24,Group Stage,Serbia,2,85,30,Brazil,3063,Danilo Luiz da Silva,25104.0,Rodrygo Silva de Goes,Complete,11.269872,68.6,68.2,76.0,59.7
3857258,2022-11-24,Group Stage,Serbia,2,85,33,Brazil,25104,Rodrygo Silva de Goes,9904.0,Frederico Rodrigues Santos,Complete,18.88306,71.4,61.0,85.0,74.1
3857258,2022-11-24,Group Stage,Serbia,2,85,35,Brazil,9904,Frederico Rodrigues Santos,3202.0,Gabriel Fernando de Jesus,Complete,23.659248,86.5,74.1,109.1,67.1
3857258,2022-11-24,Group Stage,Serbia,2,85,43,Brazil,3202,Gabriel Fernando de Jesus,,,Incomplete,12.809762,116.5,61.0,116.0,48.2
3857258,2022-11-24,Group Stage,Serbia,2,85,46,Brazil,9904,Frederico Rodrigues Santos,3063.0,Danilo Luiz da Silva,Complete,12.865847,97.8,61.5,85.0,62.8
3857258,2022-11-24,Group Stage,Serbia,2,85,48,Brazil,3063,Danilo Luiz da Silva,4372.0,Marcos Aoás Corrêa,Complete,9.330059,83.2,63.0,80.4,54.1
3857258,2022-11-24,Group Stage,Serbia,2,85,51,Brazil,4372,Marcos Aoás Corrêa,5539.0,Carlos Henrique Casimiro,Complete,15.4845085,80.4,49.2,86.8,35.1
3857258,2022-11-24,Group Stage,Serbia,2,85,53,Brazil,5539,Carlos Henrique Casimiro,25363.0,Antony Matheus dos Santos,Complete,15.31176,84.5,35.9,93.2,23.3
3857258,2022-11-24,Group Stage,Serbia,2,85,57,Brazil,25363,Antony Matheus dos Santos,5539.0,Carlos Henrique Casimiro,Complete,7.7665954,94.8,11.3,90.4,17.7
3857258,2022-11-24,Group Stage,Serbia,2,85,58,Brazil,5539,Carlos Henrique Casimiro,25363.0,Antony Matheus dos Santos,Complete,9.352005,90.1,17.7,94.0,9.2
3857258,2022-11-24,Group Stage,Serbia,2,86,5,Brazil,25363,Antony Matheus dos Santos,25104.0,Rodrygo Silva de Goes,Complete,14.856985,105.3,13.6,104.0,28.4
3857258,2022-11-24,Group Stage,Serbia,2,87,9,Brazil,3063,Danilo Luiz da Silva,25363.0,Antony Matheus dos Santos,Complete,13.094274,29.4,63.8,41.9,67.7
3857258,2022-11-24,Group Stage,Serbia,2,87,20,Brazil,25104,Rodrygo Silva de Goes,29976.0,Gabriel Teodoro Martinelli Silva,Complete,20.738611,41.7,32.8,31.4,14.8
3857258,2022-11-24,Group Stage,Serbia,2,87,33,Brazil,29976,Gabriel Teodoro Martinelli Silva,3202.0,Gabriel Fernando de Jesus,Incomplete,21.00976,116.5,24.6,111.9,45.1
3857258,2022-11-24,Group Stage,Serbia,2,87,39,Brazil,3063,Danilo Luiz da Silva,25104.0,Rodrygo Silva de Goes,Complete,16.491512,77.8,56.4,93.2,50.5
3857258,2022-11-24,Group Stage,Serbia,2,87,40,Brazil,25104,Rodrygo Silva de Goes,3063.0,Danilo Luiz da Silva,Complete,18.638937,91.2,51.3,75.8,61.8
3857258,2022-11-24,Group Stage,Serbia,2,87,43,Brazil,3063,Danilo Luiz da Silva,4372.0,Marcos Aoás Corrêa,Complete,13.865424,75.8,61.8,82.2,74.1
3857258,2022-11-24,Group Stage,Serbia,2,87,45,Brazil,4372,Marcos Aoás Corrêa,25363.0,Antony Matheus dos Santos,Complete,18.532135,82.4,75.9,98.6,66.9
3857258,2022-11-24,Group Stage,Serbia,2,88,22,Brazil,9904,Frederico Rodrigues Santos,,,Incomplete,3.4525354,31.9,43.6,35.3,43.0
3857258,2022-11-24,Group Stage,Serbia,2,88,24,Brazil,4372,Marcos Aoás Corrêa,5539.0,Carlos Henrique Casimiro,Complete,5.8694124,23.0,39.5,28.4,37.2
3857258,2022-11-24,Group Stage,Serbia,2,88,24,Brazil,5539,Carlos Henrique Casimiro,9904.0,Frederico Rodrigues Santos,Complete,8.367198,28.4,37.2,31.9,44.8
3857258,2022-11-24,Group Stage,Serbia,2,88,25,Brazil,9904,Frederico Rodrigues Santos,25104.0,Rodrygo Silva de Goes,Complete,8.373769,32.2,45.9,38.6,40.5
3857258,2022-11-24,Group Stage,Serbia,2,88,26,Brazil,25104,Rodrygo Silva de Goes,9904.0,Frederico Rodrigues Santos,Complete,17.647945,44.0,39.5,42.7,57.1
3857258,2022-11-24,Group Stage,Serbia,2,88,28,Brazil,9904,Frederico Rodrigues Santos,25363.0,Antony Matheus dos Santos,Complete,16.322071,46.0,61.0,58.9,71.0
3857258,2022-11-24,Group Stage,Serbia,2,88,32,Brazil,25363,Antony Matheus dos Santos,3063.0,Danilo Luiz da Silva,Complete,16.507574,75.0,69.2,90.7,74.3
3857258,2022-11-24,Group Stage,Serbia,2,88,35,Brazil,3063,Danilo Luiz da Silva,29976.0,Gabriel Teodoro Martinelli Silva,Unknown,36.30496,104.4,72.2,111.0,36.5
3857258,2022-11-24,Group Stage,Serbia,2,89,8,Brazil,6945,Alex Sandro Lobo Silva,4372.0,Marcos Aoás Corrêa,Complete,22.51755,40.7,14.1,45.5,36.1
3857258,2022-11-24,Group Stage,Serbia,2,89,12,Brazil,4372,Marcos Aoás Corrêa,3063.0,Danilo Luiz da Silva,Complete,27.411676,44.2,41.5,47.6,68.7
3857258,2022-11-24,Group Stage,Serbia,2,89,14,Brazil,3063,Danilo Luiz da Silva,25363.0,Antony Matheus dos Santos,Complete,22.548836,47.6,69.2,68.9,76.6
3857258,2022-11-24,Group Stage,Serbia,2,89,18,Brazil,25363,Antony Matheus dos Santos,9904.0,Frederico Rodrigues Santos,Complete,21.284971,80.1,75.9,100.4,69.5
3857258,2022-11-24,Group Stage,Serbia,2,89,22,Brazil,9904,Frederico Rodrigues Santos,25363.0,Antony Matheus dos Santos,Complete,5.6920996,100.4,76.6,95.0,74.8
3857258,2022-11-24,Group Stage,Serbia,2,89,24,Brazil,5539,Carlos Henrique Casimiro,9904.0,Frederico Rodrigues Santos,Complete,11.624973,85.5,68.2,92.2,77.7
3857258,2022-11-24,Group Stage,Serbia,2,89,26,Brazil,9904,Frederico Rodrigues Santos,3063.0,Danilo Luiz da Silva,Complete,32.186024,89.4,77.7,58.1,70.2
3857258,2022-11-24,Group Stage,Serbia,2,89,32,Brazil,3063,Danilo Luiz da Silva,9904.0,Frederico Rodrigues Santos,Complete,20.769209,59.1,71.0,79.1,76.6
3857258,2022-11-24,Group Stage,Serbia,2,89,35,Brazil,9904,Frederico Rodrigues Santos,3063.0,Danilo Luiz da Silva,Complete,19.534584,79.9,78.4,60.7,74.8
3857258,2022-11-24,Group Stage,Serbia,2,89,38,Brazil,3063,Danilo Luiz da Silva,4372.0,Marcos Aoás Corrêa,Complete,16.640013,59.9,73.8,46.6,63.8
3857258,2022-11-24,Group Stage,Serbia,2,89,40,Brazil,4372,Marcos Aoás Corrêa,3295.0,Thiago Emiliano da Silva,Complete,20.439423,47.8,60.7,38.9,42.3
3857258,2022-11-24,Group Stage,Serbia,2,89,43,Brazil,3295,Thiago Emiliano da Silva,6945.0,Alex Sandro Lobo Silva,Complete,18.203571,43.5,21.5,59.9,13.6
3857258,2022-11-24,Group Stage,Serbia,2,89,46,Brazil,6945,Alex Sandro Lobo Silva,5539.0,Carlos Henrique Casimiro,Complete,13.68247,65.5,12.0,64.0,25.6
3857258,2022-11-24,Group Stage,Serbia,2,89,47,Brazil,5539,Carlos Henrique Casimiro,3295.0,Thiago Emiliano da Silva,Complete,17.426416,64.0,25.6,46.8,22.8
3857258,2022-11-24,Group Stage,Serbia,2,89,49,Brazil,3295,Thiago Emiliano da Silva,4372.0,Marcos Aoás Corrêa,Complete,26.994814,47.6,23.6,43.0,50.2
3857258,2022-11-24,Group Stage,Serbia,2,89,57,Brazil,4372,Marcos Aoás Corrêa,25104.0,Rodrygo Silva de Goes,Complete,19.952944,51.7,56.9,66.3,43.3
3857258,2022-11-24,Group Stage,Serbia,2,89,59,Brazil,25104,Rodrygo Silva de Goes,9904.0,Frederico Rodrigues Santos,Complete,5.60803,66.8,44.8,62.5,48.4
3857258,2022-11-24,Group Stage,Serbia,2,90,0,Brazil,9904,Frederico Rodrigues Santos,6945.0,Alex Sandro Lobo Silva,Incomplete,19.881649,57.3,48.2,59.1,28.4
3857258,2022-11-24,Group Stage,Serbia,2,91,54,Brazil,6945,Alex Sandro Lobo Silva,29976.0,Gabriel Teodoro Martinelli Silva,Incomplete,26.218506,18.1,0.1,43.5,6.6
3857258,2022-11-24,Group Stage,Serbia,2,91,57,Brazil,9904,Frederico Rodrigues Santos,3202.0,Gabriel Fernando de Jesus,Complete,19.338305,30.6,22.0,47.5,12.6
3857258,2022-11-24,Group Stage,Serbia,2,91,59,Brazil,3202,Gabriel Fernando de Jesus,29976.0,Gabriel Teodoro Martinelli Silva,Complete,20.45605,48.0,12.4,68.1,16.2
3857258,2022-11-24,Group Stage,Serbia,2,92,5,Brazil,3202,Gabriel Fernando de Jesus,29976.0,Gabriel Teodoro Martinelli Silva,Complete,14.539945,84.8,20.2,98.3,14.8
3857258,2022-11-24,Group Stage,Serbia,2,92,9,Brazil,29976,Gabriel Teodoro Martinelli Silva,3202.0,Gabriel Fernando de Jesus,Complete,7.905694,109.6,23.0,107.1,30.5
3857258,2022-11-24,Group Stage,Serbia,2,92,25,Brazil,4372,Marcos Aoás Corrêa,5547.0,Alisson Ramsés Becker,Complete,29.788084,37.1,74.1,15.3,53.8
3857258,2022-11-24,Group Stage,Serbia,2,92,28,Brazil,5547,Alisson Ramsés Becker,6945.0,Alex Sandro Lobo Silva,Complete,30.379763,15.3,53.8,26.6,25.6
3857258,2022-11-24,Group Stage,Serbia,2,92,33,Brazil,6945,Alex Sandro Lobo Silva,3295.0,Thiago Emiliano da Silva,Complete,15.570806,40.9,8.2,37.1,23.3
3857258,2022-11-24,Group Stage,Serbia,2,92,36,Brazil,3295,Thiago Emiliano da Silva,9904.0,Frederico Rodrigues Santos,Complete,20.796635,42.2,19.2,60.7,28.7
3857258,2022-11-24,Group Stage,Serbia,2,92,37,Brazil,9904,Frederico Rodrigues Santos,29976.0,Gabriel Teodoro Martinelli Silva,Incomplete,26.50962,61.2,28.9,81.2,11.5
3857258,2022-11-24,Group Stage,Serbia,2,93,11,Brazil,5547,Alisson Ramsés Becker,3202.0,Gabriel Fernando de Jesus,Incomplete,76.7292,15.0,35.9,91.4,43.0
3857258,2022-11-24,Group Stage,Serbia,2,93,47,Brazil,5539,Carlos Henrique Casimiro,25363.0,Antony Matheus dos Santos,Complete,7.9605274,27.6,57.7,31.2,64.8
3857258,2022-11-24,Group Stage,Serbia,2,93,48,Brazil,25363,Antony Matheus dos Santos,3063.0,Danilo Luiz da Silva,Complete,8.1412525,33.2,64.8,26.0,61.0
3857258,2022-11-24,Group Stage,Serbia,2,93,49,Brazil,3063,Danilo Luiz da Silva,3295.0,Thiago Emiliano da Silva,Complete,3.9962482,26.0,59.2,29.4,57.1
3857258,2022-11-24,Group Stage,Serbia,2,93,50,Brazil,3295,Thiago Emiliano da Silva,3063.0,Danilo Luiz da Silva,Complete,8.823265,28.1,56.4,23.0,63.6
3857258,2022-11-24,Group Stage,Serbia,2,93,51,Brazil,3063,Danilo Luiz da Silva,29976.0,Gabriel Teodoro Martinelli Silva,Incomplete,49.41589,26.0,60.5,50.7,17.7
3857258,2022-11-24,Group Stage,Serbia,2,94,9,Brazil,6945,Alex Sandro Lobo Silva,25104.0,Rodrygo Silva de Goes,Complete,15.761345,46.0,0.1,58.1,10.2
3857258,2022-11-24,Group Stage,Serbia,2,94,18,Brazil,25104,Rodrygo Silva de Goes,,,Incomplete,17.70706,113.7,23.6,114.2,41.3
3857258,2022-11-24,Group Stage,Serbia,2,94,23,Brazil,5539,Carlos Henrique Casimiro,4372.0,Marcos Aoás Corrêa,Complete,23.293776,79.4,20.5,67.8,40.7
3857258,2022-11-24,Group Stage,Serbia,2,94,26,Brazil,4372,Marcos Aoás Corrêa,25363.0,Antony Matheus dos Santos,Complete,28.177473,67.1,46.4,81.7,70.5
3857258,2022-11-24,Group Stage,Serbia,2,94,29,Brazil,25363,Antony Matheus dos Santos,3202.0,Gabriel Fernando de Jesus,Complete,12.808201,81.4,74.1,94.0,71.8
3857258,2022-11-24,Group Stage,Serbia,2,94,32,Brazil,3202,Gabriel Fernando de Jesus,25363.0,Antony Matheus dos Santos,Complete,11.1830225,94.0,71.8,84.5,77.7
3857258,2022-11-24,Group Stage,Serbia,2,94,34,Brazil,25363,Antony Matheus dos Santos,3063.0,Danilo Luiz da Silva,Complete,21.333776,85.0,75.9,65.8,66.6
3857258,2022-11-24,Group Stage,Serbia,2,94,37,Brazil,3063,Danilo Luiz da Silva,4372.0,Marcos Aoás Corrêa,Complete,14.090068,65.3,67.4,53.5,59.7
3857258,2022-11-24,Group Stage,Serbia,2,94,39,Brazil,4372,Marcos Aoás Corrêa,3295.0,Thiago Emiliano da Silva,Complete,25.79341,58.6,59.5,45.3,37.4
3857258,2022-11-24,Group Stage,Serbia,2,94,43,Brazil,3295,Thiago Emiliano da Silva,5539.0,Carlos Henrique Casimiro,Complete,12.124768,45.3,37.2,56.3,42.3
3857258,2022-11-24,Group Stage,Serbia,2,94,44,Brazil,5539,Carlos Henrique Casimiro,6945.0,Alex Sandro Lobo Silva,Complete,24.800806,54.8,43.0,55.0,18.2
3857258,2022-11-24,Group Stage,Serbia,2,94,47,Brazil,6945,Alex Sandro Lobo Silva,29976.0,Gabriel Teodoro Martinelli Silva,Complete,16.619267,66.6,13.3,83.2,12.5
3857258,2022-11-24,Group Stage,Serbia,2,94,54,Brazil,29976,Gabriel Teodoro Martinelli Silva,,,Incomplete,11.595258,107.1,20.5,104.5,31.8
3857258,2022-11-24,Group Stage,Serbia,2,96,9,Brazil,5547,Alisson Ramsés Becker,,,Unknown,81.61336,10.9,56.4,92.4,60.7
3857280,2022-12-02,Group Stage,Cameroon,1,0,0,Brazil,3202,Gabriel Fernando de Jesus,3247.0,Fábio Henrique Tavares,Complete,16.88816,61.0,40.1,44.5,43.7
3857280,2022-12-02,Group Stage,Cameroon,1,0,2,Brazil,3247,Fábio Henrique Tavares,25104.0,Rodrygo Silva de Goes,Complete,4.204759,44.5,41.3,44.7,37.1
3857280,2022-12-02,Group Stage,Cameroon,1,0,4,Brazil,25104,Rodrygo Silva de Goes,11183.0,Alex Nicolao Telles,Complete,18.753666,45.8,33.5,38.1,16.4
3857280,2022-12-02,Group Stage,Cameroon,1,0,6,Brazil,11183,Alex Nicolao Telles,11493.0,Gleison Bremer Silva Nascimento,Complete,17.095028,38.1,16.4,29.9,31.4
3857280,2022-12-02,Group Stage,Cameroon,1,0,8,Brazil,11493,Gleison Bremer Silva Nascimento,13620.0,Éder Gabriel Militão,Complete,17.551353,29.5,40.6,27.2,58.0
3857280,2022-12-02,Group Stage,Cameroon,1,0,12,Brazil,13620,Éder Gabriel Militão,11493.0,Gleison Bremer Silva Nascimento,Complete,9.535198,27.2,58.0,25.6,48.6
3857280,2022-12-02,Group Stage,Cameroon,1,0,15,Brazil,11493,Gleison Bremer Silva Nascimento,13620.0,Éder Gabriel Militão,Complete,14.458562,26.7,46.9,29.9,61.0
3857280,2022-12-02,Group Stage,Cameroon,1,0,19,Brazil,13620,Éder Gabriel Militão,11493.0,Gleison Bremer Silva Nascimento,Complete,11.763078,33.1,61.9,28.0,51.3
3857280,2022-12-02,Group Stage,Cameroon,1,0,24,Brazil,11493,Gleison Bremer Silva Nascimento,11183.0,Alex Nicolao Telles,Complete,47.1663,31.7,51.3,39.6,4.8
3857280,2022-12-02,Group Stage,Cameroon,1,0,26,Brazil,11183,Alex Nicolao Telles,29976.0,Gabriel Teodoro Martinelli Silva,Out,13.038404,39.6,4.8,51.8,0.2
3857280,2022-12-02,Group Stage,Cameroon,1,0,45,Brazil,25104,Rodrygo Silva de Goes,29976.0,Gabriel Teodoro Martinelli Silva,Out,21.902054,51.8,21.5,56.9,0.2
3857280,2022-12-02,Group Stage,Cameroon,1,1,7,Brazil,11183,Alex Nicolao Telles,11493.0,Gleison Bremer Silva Nascimento,Complete,18.445595,15.8,0.1,12.8,18.3
3857280,2022-12-02,Group Stage,Cameroon,1,1,10,Brazil,11493,Gleison Bremer Silva Nascimento,13620.0,Éder Gabriel Militão,Complete,31.860949,8.2,25.6,13.6,57.0
3857280,2022-12-02,Group Stage,Cameroon,1,1,13,Brazil,13620,Éder Gabriel Militão,3067.0,Ederson Santana de Moraes,Complete,20.37891,15.3,56.3,7.2,37.6
3857280,2022-12-02,Group Stage,Cameroon,1,1,17,Brazil,3067,Ederson Santana de Moraes,13620.0,Éder Gabriel Militão,Complete,22.233534,8.6,40.0,15.3,61.2
3857280,2022-12-02,Group Stage,Cameroon,1,1,22,Brazil,13620,Éder Gabriel Militão,25104.0,Rodrygo Silva de Goes,Complete,25.759659,24.4,62.9,47.4,74.5
3857280,2022-12-02,Group Stage,Cameroon,1,1,24,Brazil,25104,Rodrygo Silva de Goes,25363.0,Antony Matheus dos Santos,Complete,11.834272,51.6,77.0,63.4,77.9
3857280,2022-12-02,Group Stage,Cameroon,1,1,30,Brazil,25363,Antony Matheus dos Santos,25104.0,Rodrygo Silva de Goes,Complete,20.933466,82.0,78.6,100.9,69.6
3857280,2022-12-02,Group Stage,Cameroon,1,1,34,Brazil,25104,Rodrygo Silva de Goes,9904.0,Frederico Rodrigues Santos,Complete,21.11516,116.3,58.3,108.7,38.6
3857280,2022-12-02,Group Stage,Cameroon,1,1,43,Brazil,3202,Gabriel Fernando de Jesus,25363.0,Antony Matheus dos Santos,Complete,11.955334,110.9,16.7,102.7,25.4
3857280,2022-12-02,Group Stage,Cameroon,1,1,48,Brazil,11183,Alex Nicolao Telles,11493.0,Gleison Bremer Silva Nascimento,Complete,23.561409,86.9,25.6,63.4,27.3
3857280,2022-12-02,Group Stage,Cameroon,1,1,51,Brazil,11493,Gleison Bremer Silva Nascimento,13620.0,Éder Gabriel Militão,Complete,13.046455,63.1,27.3,62.0,40.3
3857280,2022-12-02,Group Stage,Cameroon,1,1,56,Brazil,13620,Éder Gabriel Militão,11493.0,Gleison Bremer Silva Nascimento,Complete,11.686745,62.0,40.3,57.3,29.6
3857280,2022-12-02,Group Stage,Cameroon,1,1,57,Brazil,11493,Gleison Bremer Silva Nascimento,13620.0,Éder Gabriel Militão,Complete,15.824033,57.3,29.6,52.9,44.8
3857280,2022-12-02,Group Stage,Cameroon,1,2,0,Brazil,13620,Éder Gabriel Militão,25363.0,Antony Matheus dos Santos,Complete,38.684624,53.7,49.1,78.0,79.2
3857280,2022-12-02,Group Stage,Cameroon,1,2,3,Brazil,25363,Antony Matheus dos Santos,9904.0,Frederico Rodrigues Santos,Incomplete,12.747549,78.0,79.2,90.5,76.7
3857280,2022-12-02,Group Stage,Cameroon,1,2,10,Brazil,9904,Frederico Rodrigues Santos,4324.0,Daniel Alves da Silva,Complete,11.788554,98.8,80.0,87.2,77.9
3857280,2022-12-02,Group Stage,Cameroon,1,2,12,Brazil,4324,Daniel Alves da Silva,9904.0,Frederico Rodrigues Santos,Complete,4.6389656,87.2,77.9,91.8,78.5
3857280,2022-12-02,Group Stage,Cameroon,1,2,50,Brazil,11183,Alex Nicolao Telles,13620.0,Éder Gabriel Militão,Complete,32.328934,44.7,24.7,33.7,55.1
3857280,2022-12-02,Group Stage,Cameroon,1,2,54,Brazil,13620,Éder Gabriel Militão,11183.0,Alex Nicolao Telles,Incomplete,30.351606,38.8,55.4,42.7,25.3
3857280,2022-12-02,Group Stage,Cameroon,1,3,2,Brazil,11183,Alex Nicolao Telles,11493.0,Gleison Bremer Silva Nascimento,Complete,14.39618,24.4,4.8,16.6,16.9
3857280,2022-12-02,Group Stage,Cameroon,1,3,5,Brazil,11493,Gleison Bremer Silva Nascimento,13620.0,Éder Gabriel Militão,Complete,26.015572,16.6,21.6,15.7,47.6
3857280,2022-12-02,Group Stage,Cameroon,1,3,8,Brazil,13620,Éder Gabriel Militão,4324.0,Daniel Alves da Silva,Complete,6.9570107,20.0,55.2,22.2,61.8
3857280,2022-12-02,Group Stage,Cameroon,1,3,10,Brazil,4324,Daniel Alves da Silva,9904.0,Frederico Rodrigues Santos,Complete,9.244458,23.1,61.9,32.0,59.4
3857280,2022-12-02,Group Stage,Cameroon,1,3,11,Brazil,9904,Frederico Rodrigues Santos,11493.0,Gleison Bremer Silva Nascimento,Complete,30.23789,32.0,59.4,14.7,34.6
3857280,2022-12-02,Group Stage,Cameroon,1,3,14,Brazil,11493,Gleison Bremer Silva Nascimento,13620.0,Éder Gabriel Militão,Complete,27.528168,13.6,42.1,5.8,68.5
3857280,2022-12-02,Group Stage,Cameroon,1,3,17,Brazil,13620,Éder Gabriel Militão,25363.0,Antony Matheus dos Santos,Incomplete,40.660175,5.8,71.4,46.0,77.5
3857280,2022-12-02,Group Stage,Cameroon,1,3,26,Brazil,3202,Gabriel Fernando de Jesus,9904.0,Frederico Rodrigues Santos,Complete,7.7,50.0,62.1,42.3,62.1
3857280,2022-12-02,Group Stage,Cameroon,1,3,27,Brazil,9904,Frederico Rodrigues Santos,4324.0,Daniel Alves da Silva,Complete,3.3301651,42.2,62.9,44.7,65.1
3857280,2022-12-02,Group Stage,Cameroon,1,3,27,Brazil,4324,Daniel Alves da Silva,3202.0,Gabriel Fernando de Jesus,Complete,5.818075,44.7,65.1,49.8,62.3
3857280,2022-12-02,Group Stage,Cameroon,1,3,28,Brazil,3202,Gabriel Fernando de Jesus,4324.0,Daniel Alves da Silva,Out,20.428656,49.3,62.3,39.1,80.0
3857280,2022-12-02,Group Stage,Cameroon,1,4,8,Brazil,4324,Daniel Alves da Silva,25363.0,Antony Matheus dos Santos,Complete,6.5,33.7,77.0,40.2,77.0
3857280,2022-12-02,Group Stage,Cameroon,1,4,19,Brazil,4324,Daniel Alves da Silva,13620.0,Éder Gabriel Militão,Complete,12.149074,38.0,76.3,26.6,72.1
3857280,2022-12-02,Group Stage,Cameroon,1,4,20,Brazil,13620,Éder Gabriel Militão,11493.0,Gleison Bremer Silva Nascimento,Complete,33.39955,25.0,68.1,18.2,35.4
3857280,2022-12-02,Group Stage,Cameroon,1,4,25,Brazil,11493,Gleison Bremer Silva Nascimento,13620.0,Éder Gabriel Militão,Complete,22.835938,18.2,35.6,25.0,57.4
3857280,2022-12-02,Group Stage,Cameroon,1,4,32,Brazil,13620,Éder Gabriel Militão,9904.0,Frederico Rodrigues Santos,Complete,15.220053,39.1,58.9,53.7,63.2
3857280,2022-12-02,Group Stage,Cameroon,1,4,33,Brazil,9904,Frederico Rodrigues Santos,4324.0,Daniel Alves da Silva,Complete,14.8946295,50.5,64.3,38.2,72.7
3857280,2022-12-02,Group Stage,Cameroon,1,4,36,Brazil,4324,Daniel Alves da Silva,13620.0,Éder Gabriel Militão,Complete,17.501143,36.7,72.1,26.9,57.6
3857280,2022-12-02,Group Stage,Cameroon,1,4,38,Brazil,13620,Éder Gabriel Militão,11493.0,Gleison Bremer Silva Nascimento,Complete,25.100798,26.9,57.6,26.7,32.5
3857280,2022-12-02,Group Stage,Cameroon,1,4,41,Brazil,11493,Gleison Bremer Silva Nascimento,11183.0,Alex Nicolao Telles,Complete,27.26628,31.0,31.0,32.9,3.8
3857280,2022-12-02,Group Stage,Cameroon,1,4,43,Brazil,11183,Alex Nicolao Telles,29976.0,Gabriel Teodoro Martinelli Silva,Incomplete,22.942755,32.9,3.8,55.8,2.4
3857280,2022-12-02,Group Stage,Cameroon,1,4,46,Brazil,3247,Fábio Henrique Tavares,11183.0,Alex Nicolao Telles,Complete,19.622946,37.3,20.8,25.8,4.9
3857280,2022-12-02,Group Stage,Cameroon,1,4,49,Brazil,11183,Alex Nicolao Telles,3067.0,Ederson Santana de Moraes,Complete,36.501507,18.5,5.1,2.9,38.1
3857280,2022-12-02,Group Stage,Cameroon,1,4,52,Brazil,3067,Ederson Santana de Moraes,13620.0,Éder Gabriel Militão,Complete,22.748186,2.9,38.1,15.1,57.3
3857280,2022-12-02,Group Stage,Cameroon,1,4,55,Brazil,13620,Éder Gabriel Militão,4324.0,Daniel Alves da Silva,Complete,14.909393,17.7,61.1,25.0,74.1
3857280,2022-12-02,Group Stage,Cameroon,1,4,57,Brazil,4324,Daniel Alves da Silva,9904.0,Frederico Rodrigues Santos,Complete,15.55667,25.0,74.1,34.9,62.1
3857280,2022-12-02,Group Stage,Cameroon,1,5,1,Brazil,9904,Frederico Rodrigues Santos,13620.0,Éder Gabriel Militão,Complete,16.86683,31.7,76.1,18.5,65.6
3857280,2022-12-02,Group Stage,Cameroon,1,5,3,Brazil,13620,Éder Gabriel Militão,9904.0,Frederico Rodrigues Santos,Complete,12.366487,18.5,65.6,22.2,77.4
3857280,2022-12-02,Group Stage,Cameroon,1,5,5,Brazil,9904,Frederico Rodrigues Santos,25363.0,Antony Matheus dos Santos,Complete,10.722873,22.2,77.4,32.9,76.7
3857280,2022-12-02,Group Stage,Cameroon,1,6,7,Brazil,4324,Daniel Alves da Silva,13620.0,Éder Gabriel Militão,Complete,16.690416,56.0,77.4,39.9,73.0
3857280,2022-12-02,Group Stage,Cameroon,1,6,10,Brazil,13620,Éder Gabriel Militão,11493.0,Gleison Bremer Silva Nascimento,Complete,19.684004,39.9,73.0,34.4,54.1
3857280,2022-12-02,Group Stage,Cameroon,1,6,15,Brazil,11493,Gleison Bremer Silva Nascimento,13620.0,Éder Gabriel Militão,Complete,13.875518,37.4,55.2,39.6,68.9
3857280,2022-12-02,Group Stage,Cameroon,1,6,21,Brazil,13620,Éder Gabriel Militão,3202.0,Gabriel Fernando de Jesus,Incomplete,22.719154,58.7,68.5,79.1,58.5
3857280,2022-12-02,Group Stage,Cameroon,1,8,6,Brazil,13620,Éder Gabriel Militão,9904.0,Frederico Rodrigues Santos,Complete,12.647924,2.9,72.5,13.5,65.6
3857280,2022-12-02,Group Stage,Cameroon,1,8,7,Brazil,9904,Frederico Rodrigues Santos,25363.0,Antony Matheus dos Santos,Complete,14.355835,13.5,65.6,23.5,75.9
3857280,2022-12-02,Group Stage,Cameroon,1,8,11,Brazil,25363,Antony Matheus dos Santos,9904.0,Frederico Rodrigues Santos,Complete,11.85116,27.1,73.6,28.2,61.8
3857280,2022-12-02,Group Stage,Cameroon,1,8,12,Brazil,9904,Frederico Rodrigues Santos,3247.0,Fábio Henrique Tavares,Incomplete,17.86645,31.1,62.5,45.1,51.4
3857280,2022-12-02,Group Stage,Cameroon,1,8,32,Brazil,3247,Fábio Henrique Tavares,3202.0,Gabriel Fernando de Jesus,Complete,17.381887,40.2,26.9,56.4,33.2
3857280,2022-12-02,Group Stage,Cameroon,1,8,35,Brazil,4324,Daniel Alves da Silva,9904.0,Frederico Rodrigues Santos,Complete,6.59242,50.9,47.4,52.0,40.9
3857280,2022-12-02,Group Stage,Cameroon,1,8,37,Brazil,9904,Frederico Rodrigues Santos,3247.0,Fábio Henrique Tavares,Complete,10.729865,52.0,40.9,51.2,30.2
3857280,2022-12-02,Group Stage,Cameroon,1,8,39,Brazil,3247,Fábio Henrique Tavares,11183.0,Alex Nicolao Telles,Complete,13.90899,51.6,28.2,39.1,22.1
3857280,2022-12-02,Group Stage,Cameroon,1,8,40,Brazil,11183,Alex Nicolao Telles,11493.0,Gleison Bremer Silva Nascimento,Complete,13.245754,39.1,22.1,38.0,35.3
3857280,2022-12-02,Group Stage,Cameroon,1,8,45,Brazil,11493,Gleison Bremer Silva Nascimento,13620.0,Éder Gabriel Militão,Complete,23.104979,38.0,35.3,40.2,58.3
3857280,2022-12-02,Group Stage,Cameroon,1,8,50,Brazil,13620,Éder Gabriel Militão,4324.0,Daniel Alves da Silva,Complete,14.520675,57.5,74.7,66.1,63.0
3857280,2022-12-02,Group Stage,Cameroon,1,8,51,Brazil,4324,Daniel Alves da Silva,13620.0,Éder Gabriel Militão,Complete,8.542248,63.4,64.1,55.8,68.0
3857280,2022-12-02,Group Stage,Cameroon,1,8,53,Brazil,13620,Éder Gabriel Militão,3247.0,Fábio Henrique Tavares,Complete,26.953665,54.5,67.8,56.2,40.9
3857280,2022-12-02,Group Stage,Cameroon,1,8,54,Brazil,3247,Fábio Henrique Tavares,11493.0,Gleison Bremer Silva Nascimento,Complete,20.370813,56.2,40.9,37.3,48.5
3857280,2022-12-02,Group Stage,Cameroon,1,8,59,Brazil,11493,Gleison Bremer Silva Nascimento,29976.0,Gabriel Teodoro Martinelli Silva,Pass Offside,57.9718,44.0,48.3,89.2,12.0
3857280,2022-12-02,Group Stage,Cameroon,1,9,40,Brazil,4324,Daniel Alves da Silva,25363.0,Antony Matheus dos Santos,Complete,9.741663,37.4,57.6,47.1,58.5
3857280,2022-12-02,Group Stage,Cameroon,1,10,5,Brazil,13620,Éder Gabriel Militão,25363.0,Antony Matheus dos Santos,Complete,22.357325,44.9,76.7,67.2,75.1
3857280,2022-12-02,Group Stage,Cameroon,1,10,7,Brazil,25363,Antony Matheus dos Santos,3202.0,Gabriel Fernando de Jesus,Incomplete,12.419743,67.2,75.1,79.6,75.8
3857280,2022-12-02,Group Stage,Cameroon,1,10,10,Brazil,11493,Gleison Bremer Silva Nascimento,4324.0,Daniel Alves da Silva,Complete,11.268097,48.5,59.6,54.4,69.2
3857280,2022-12-02,Group Stage,Cameroon,1,10,11,Brazil,4324,Daniel Alves da Silva,9904.0,Frederico Rodrigues Santos,Complete,13.104579,54.4,69.2,63.1,59.4
3857280,2022-12-02,Group Stage,Cameroon,1,10,14,Brazil,9904,Frederico Rodrigues Santos,3202.0,Gabriel Fernando de Jesus,Complete,44.072895,67.8,52.0,104.7,76.1
3857280,2022-12-02,Group Stage,Cameroon,1,10,20,Brazil,3202,Gabriel Fernando de Jesus,25363.0,Antony Matheus dos Santos,Complete,9.535198,102.9,63.6,104.5,73.0
3857280,2022-12-02,Group Stage,Cameroon,1,10,23,Brazil,25363,Antony Matheus dos Santos,4324.0,Daniel Alves da Silva,Complete,16.204937,105.0,69.7,91.8,60.3
3857280,2022-12-02,Group Stage,Cameroon,1,10,25,Brazil,4324,Daniel Alves da Silva,25104.0,Rodrygo Silva de Goes,Incomplete,26.942904,92.0,60.2,109.6,39.8
3857280,2022-12-02,Group Stage,Cameroon,1,10,28,Brazil,3247,Fábio Henrique Tavares,,,Incomplete,24.792942,89.8,44.0,114.3,47.8
3857280,2022-12-02,Group Stage,Cameroon,1,10,53,Brazil,3247,Fábio Henrique Tavares,29976.0,Gabriel Teodoro Martinelli Silva,Complete,17.404022,56.9,36.9,61.8,20.2
3857280,2022-12-02,Group Stage,Cameroon,1,10,57,Brazil,29976,Gabriel Teodoro Martinelli Silva,25104.0,Rodrygo Silva de Goes,Complete,10.720075,81.6,13.1,90.2,6.7
3857280,2022-12-02,Group Stage,Cameroon,1,11,1,Brazil,25104,Rodrygo Silva de Goes,3247.0,Fábio Henrique Tavares,Complete,16.263456,93.6,14.5,82.1,26.0
3857280,2022-12-02,Group Stage,Cameroon,1,11,4,Brazil,3247,Fábio Henrique Tavares,11183.0,Alex Nicolao Telles,Complete,20.03522,82.1,26.0,86.7,6.5
3857280,2022-12-02,Group Stage,Cameroon,1,11,8,Brazil,11183,Alex Nicolao Telles,11493.0,Gleison Bremer Silva Nascimento,Complete,25.773048,80.0,3.7,55.6,12.0
3857280,2022-12-02,Group Stage,Cameroon,1,11,13,Brazil,11493,Gleison Bremer Silva Nascimento,13620.0,Éder Gabriel Militão,Complete,28.469282,50.2,21.3,47.1,49.6
3857280,2022-12-02,Group Stage,Cameroon,1,11,15,Brazil,13620,Éder Gabriel Militão,4324.0,Daniel Alves da Silva,Complete,12.539936,47.1,49.6,53.3,60.5
3857280,2022-12-02,Group Stage,Cameroon,1,11,17,Brazil,4324,Daniel Alves da Silva,3247.0,Fábio Henrique Tavares,Complete,16.421022,53.4,60.5,62.3,46.7
3857280,2022-12-02,Group Stage,Cameroon,1,11,18,Brazil,3247,Fábio Henrique Tavares,25363.0,Antony Matheus dos Santos,Complete,32.95482,62.3,46.7,73.2,77.8
3857280,2022-12-02,Group Stage,Cameroon,1,11,24,Brazil,25363,Antony Matheus dos Santos,3202.0,Gabriel Fernando de Jesus,Out,36.01694,85.0,67.8,119.9,58.9
3857280,2022-12-02,Group Stage,Cameroon,1,12,5,Brazil,13620,Éder Gabriel Militão,4324.0,Daniel Alves da Silva,Complete,7.816009,37.1,63.0,39.3,70.5
3857280,2022-12-02,Group Stage,Cameroon,1,12,9,Brazil,4324,Daniel Alves da Silva,13620.0,Éder Gabriel Militão,Complete,12.212289,38.8,77.8,27.1,74.3
3857280,2022-12-02,Group Stage,Cameroon,1,12,12,Brazil,13620,Éder Gabriel Militão,11493.0,Gleison Bremer Silva Nascimento,Complete,17.828068,26.1,70.3,25.1,52.5
3857280,2022-12-02,Group Stage,Cameroon,1,12,20,Brazil,11493,Gleison Bremer Silva Nascimento,4324.0,Daniel Alves da Silva,Complete,16.260689,28.9,50.7,39.3,63.2
3857280,2022-12-02,Group Stage,Cameroon,1,12,21,Brazil,4324,Daniel Alves da Silva,25363.0,Antony Matheus dos Santos,Complete,19.473314,39.3,63.2,49.8,79.6
3857280,2022-12-02,Group Stage,Cameroon,1,12,26,Brazil,25363,Antony Matheus dos Santos,3247.0,Fábio Henrique Tavares,Complete,5.9539905,39.3,77.8,38.5,71.9
3857280,2022-12-02,Group Stage,Cameroon,1,12,29,Brazil,3247,Fábio Henrique Tavares,13620.0,Éder Gabriel Militão,Complete,16.585836,38.5,71.9,25.5,61.6
3857280,2022-12-02,Group Stage,Cameroon,1,12,31,Brazil,13620,Éder Gabriel Militão,11493.0,Gleison Bremer Silva Nascimento,Complete,16.226213,25.5,61.6,22.8,45.6
3857280,2022-12-02,Group Stage,Cameroon,1,12,33,Brazil,11493,Gleison Bremer Silva Nascimento,25104.0,Rodrygo Silva de Goes,Complete,37.138927,22.6,45.6,53.7,25.3
3857280,2022-12-02,Group Stage,Cameroon,1,12,40,Brazil,25104,Rodrygo Silva de Goes,9904.0,Frederico Rodrigues Santos,Complete,6.3702435,73.6,16.2,68.9,20.5
3857280,2022-12-02,Group Stage,Cameroon,1,12,41,Brazil,9904,Frederico Rodrigues Santos,25104.0,Rodrygo Silva de Goes,Complete,5.6920996,68.9,20.5,70.7,15.1
3857280,2022-12-02,Group Stage,Cameroon,1,12,44,Brazil,25104,Rodrygo Silva de Goes,9904.0,Frederico Rodrigues Santos,Incomplete,12.433825,74.9,10.4,86.1,15.8
3857280,2022-12-02,Group Stage,Cameroon,1,12,50,Brazil,13620,Éder Gabriel Militão,3247.0,Fábio Henrique Tavares,Complete,9.2800865,60.0,45.2,65.6,37.8
3857280,2022-12-02,Group Stage,Cameroon,1,12,51,Brazil,3247,Fábio Henrique Tavares,25363.0,Antony Matheus dos Santos,Complete,52.597813,65.6,37.8,99.4,78.1
3857280,2022-12-02,Group Stage,Cameroon,1,13,3,Brazil,9904,Frederico Rodrigues Santos,3247.0,Fábio Henrique Tavares,Complete,6.080296,76.0,66.3,79.6,61.4
3857280,2022-12-02,Group Stage,Cameroon,1,13,7,Brazil,3247,Fábio Henrique Tavares,11493.0,Gleison Bremer Silva Nascimento,Complete,18.288794,80.4,35.4,62.6,39.6
3857280,2022-12-02,Group Stage,Cameroon,1,13,9,Brazil,11493,Gleison Bremer Silva Nascimento,13620.0,Éder Gabriel Militão,Complete,20.211136,56.2,40.9,62.2,60.2
3857280,2022-12-02,Group Stage,Cameroon,1,13,11,Brazil,13620,Éder Gabriel Militão,4324.0,Daniel Alves da Silva,Complete,8.588365,62.2,60.2,69.8,56.2
3857280,2022-12-02,Group Stage,Cameroon,1,13,13,Brazil,4324,Daniel Alves da Silva,25363.0,Antony Matheus dos Santos,Complete,22.383253,68.7,58.9,81.3,77.4
3857280,2022-12-02,Group Stage,Cameroon,1,13,14,Brazil,25363,Antony Matheus dos Santos,9904.0,Frederico Rodrigues Santos,Incomplete,9.757561,81.3,77.4,85.3,68.5
3857280,2022-12-02,Group Stage,Cameroon,1,13,25,Brazil,3202,Gabriel Fernando de Jesus,4324.0,Daniel Alves da Silva,Complete,17.031734,111.0,80.0,94.2,77.2
3857280,2022-12-02,Group Stage,Cameroon,1,13,27,Brazil,4324,Daniel Alves da Silva,25363.0,Antony Matheus dos Santos,Complete,7.1344237,94.2,77.2,101.3,76.5
3857280,2022-12-02,Group Stage,Cameroon,1,13,28,Brazil,25363,Antony Matheus dos Santos,4324.0,Daniel Alves da Silva,Complete,7.2006946,101.3,76.5,96.9,70.8
3857280,2022-12-02,Group Stage,Cameroon,1,13,30,Brazil,4324,Daniel Alves da Silva,9904.0,Frederico Rodrigues Santos,Complete,11.788978,96.9,70.8,90.2,61.1
3857280,2022-12-02,Group Stage,Cameroon,1,13,32,Brazil,9904,Frederico Rodrigues Santos,29976.0,Gabriel Teodoro Martinelli Silva,Complete,34.49884,90.2,61.4,111.8,34.5
3857280,2022-12-02,Group Stage,Cameroon,1,14,9,Brazil,25104,Rodrygo Silva de Goes,3202.0,Gabriel Fernando de Jesus,Complete,49.24429,120.0,0.1,113.4,48.9
3857280,2022-12-02,Group Stage,Cameroon,1,14,53,Brazil,3247,Fábio Henrique Tavares,29976.0,Gabriel Teodoro Martinelli Silva,Complete,25.776928,30.0,50.5,39.9,26.7
3857280,2022-12-02,Group Stage,Cameroon,1,15,5,Brazil,29976,Gabriel Teodoro Martinelli Silva,3202.0,Gabriel Fernando de Jesus,Incomplete,5.001,108.7,15.6,107.7,20.5
3857280,2022-12-02,Group Stage,Cameroon,1,15,7,Brazil,25363,Antony Matheus dos Santos,4324.0,Daniel Alves da Silva,Incomplete,12.427792,100.9,45.2,97.0,57.0
3857280,2022-12-02,Group Stage,Cameroon,1,15,18,Brazil,11493,Gleison Bremer Silva Nascimento,4324.0,Daniel Alves da Silva,Complete,19.630842,51.1,77.8,70.7,78.9
3857280,2022-12-02,Group Stage,Cameroon,1,15,19,Brazil,4324,Daniel Alves da Silva,13620.0,Éder Gabriel Militão,Complete,14.493102,70.7,78.9,57.6,72.7
3857280,2022-12-02,Group Stage,Cameroon,1,15,23,Brazil,13620,Éder Gabriel Militão,3247.0,Fábio Henrique Tavares,Complete,17.964409,48.4,64.3,52.0,46.7
3857280,2022-12-02,Group Stage,Cameroon,1,15,25,Brazil,3247,Fábio Henrique Tavares,25104.0,Rodrygo Silva de Goes,Complete,10.454664,53.4,44.8,63.1,40.9
3857280,2022-12-02,Group Stage,Cameroon,1,15,30,Brazil,25104,Rodrygo Silva de Goes,3247.0,Fábio Henrique Tavares,Complete,8.521151,67.6,43.8,62.6,36.9
3857280,2022-12-02,Group Stage,Cameroon,1,15,32,Brazil,3247,Fábio Henrique Tavares,11183.0,Alex Nicolao Telles,Complete,31.409712,62.6,36.9,70.5,6.5
3857280,2022-12-02,Group Stage,Cameroon,1,15,35,Brazil,11183,Alex Nicolao Telles,29976.0,Gabriel Teodoro Martinelli Silva,Complete,15.582362,71.2,5.1,86.7,3.5
3857280,2022-12-02,Group Stage,Cameroon,1,15,38,Brazil,29976,Gabriel Teodoro Martinelli Silva,3247.0,Fábio Henrique Tavares,Complete,17.749647,85.8,5.9,73.1,18.3
3857280,2022-12-02,Group Stage,Cameroon,1,15,41,Brazil,3247,Fábio Henrique Tavares,11493.0,Gleison Bremer Silva Nascimento,Complete,15.672269,70.9,20.9,58.0,29.8
3857280,2022-12-02,Group Stage,Cameroon,1,15,44,Brazil,11493,Gleison Bremer Silva Nascimento,3247.0,Fábio Henrique Tavares,Complete,11.621101,58.0,29.8,67.2,22.7
3857280,2022-12-02,Group Stage,Cameroon,1,15,48,Brazil,3247,Fábio Henrique Tavares,11183.0,Alex Nicolao Telles,Complete,21.620592,73.4,24.3,79.3,3.5
3857280,2022-12-02,Group Stage,Cameroon,1,15,51,Brazil,11183,Alex Nicolao Telles,29976.0,Gabriel Teodoro Martinelli Silva,Complete,24.607723,80.9,3.1,103.6,12.6
3857280,2022-12-02,Group Stage,Cameroon,1,15,56,Brazil,29976,Gabriel Teodoro Martinelli Silva,25104.0,Rodrygo Silva de Goes,Complete,18.873262,110.9,12.0,98.7,26.4
3857280,2022-12-02,Group Stage,Cameroon,1,16,0,Brazil,25104,Rodrygo Silva de Goes,11183.0,Alex Nicolao Telles,Complete,14.949582,99.1,23.8,90.9,11.3
3857280,2022-12-02,Group Stage,Cameroon,1,16,2,Brazil,11183,Alex Nicolao Telles,29976.0,Gabriel Teodoro Martinelli Silva,Complete,9.964437,93.1,10.8,101.6,5.6
3857280,2022-12-02,Group Stage,Cameroon,1,16,5,Brazil,29976,Gabriel Teodoro Martinelli Silva,3202.0,Gabriel Fernando de Jesus,Incomplete,36.030266,101.6,5.6,111.3,40.3
3857280,2022-12-02,Group Stage,Cameroon,1,16,10,Brazil,4324,Daniel Alves da Silva,25363.0,Antony Matheus dos Santos,Complete,30.480322,92.7,60.2,117.0,78.6
3857280,2022-12-02,Group Stage,Cameroon,1,16,14,Brazil,25363,Antony Matheus dos Santos,,,Incomplete,1.118034,117.8,78.5,118.0,77.4
3857280,2022-12-02,Group Stage,Cameroon,1,16,52,Brazil,25363,Antony Matheus dos Santos,,,Incomplete,44.051105,120.0,80.0,111.9,36.7
3857280,2022-12-02,Group Stage,Cameroon,1,18,0,Brazil,3067,Ederson Santana de Moraes,11183.0,Alex Nicolao Telles,Complete,26.746962,10.2,24.9,28.4,5.3
3857280,2022-12-02,Group Stage,Cameroon,1,18,5,Brazil,11183,Alex Nicolao Telles,11493.0,Gleison Bremer Silva Nascimento,Complete,22.983908,36.2,3.8,21.3,21.3
3857280,2022-12-02,Group Stage,Cameroon,1,18,8,Brazil,11493,Gleison Bremer Silva Nascimento,3067.0,Ederson Santana de Moraes,Complete,22.273302,20.0,24.0,7.9,42.7
3857280,2022-12-02,Group Stage,Cameroon,1,18,14,Brazil,3067,Ederson Santana de Moraes,9904.0,Frederico Rodrigues Santos,Complete,28.90121,12.6,43.2,38.8,55.4
3857280,2022-12-02,Group Stage,Cameroon,1,18,17,Brazil,9904,Frederico Rodrigues Santos,25363.0,Antony Matheus dos Santos,Complete,21.377558,37.1,61.6,51.5,77.4
3857280,2022-12-02,Group Stage,Cameroon,1,18,19,Brazil,25363,Antony Matheus dos Santos,4324.0,Daniel Alves da Silva,Complete,12.169634,48.8,78.3,36.7,77.0
3857280,2022-12-02,Group Stage,Cameroon,1,18,22,Brazil,4324,Daniel Alves da Silva,25363.0,Antony Matheus dos Santos,Complete,9.080198,38.2,76.8,46.9,79.4
3857280,2022-12-02,Group Stage,Cameroon,1,18,29,Brazil,25363,Antony Matheus dos Santos,13620.0,Éder Gabriel Militão,Complete,24.885338,66.9,78.3,42.7,72.5
3857280,2022-12-02,Group Stage,Cameroon,1,18,32,Brazil,13620,Éder Gabriel Militão,11493.0,Gleison Bremer Silva Nascimento,Complete,21.317833,43.1,72.7,38.9,51.8
3857280,2022-12-02,Group Stage,Cameroon,1,18,34,Brazil,11493,Gleison Bremer Silva Nascimento,11183.0,Alex Nicolao Telles,Complete,20.115665,38.9,45.6,44.9,26.4
3857280,2022-12-02,Group Stage,Cameroon,1,18,39,Brazil,11183,Alex Nicolao Telles,3247.0,Fábio Henrique Tavares,Complete,8.352245,43.1,20.9,45.5,28.9
3857280,2022-12-02,Group Stage,Cameroon,1,18,40,Brazil,3247,Fábio Henrique Tavares,25104.0,Rodrygo Silva de Goes,Incomplete,1.8384776,45.6,29.4,47.3,28.7
3857280,2022-12-02,Group Stage,Cameroon,1,19,5,Brazil,3067,Ederson Santana de Moraes,25104.0,Rodrygo Silva de Goes,Complete,24.291563,16.4,44.2,39.6,51.4
3857280,2022-12-02,Group Stage,Cameroon,1,19,7,Brazil,25104,Rodrygo Silva de Goes,9904.0,Frederico Rodrigues Santos,Complete,14.684005,39.6,51.4,53.7,47.3
3857280,2022-12-02,Group Stage,Cameroon,1,19,9,Brazil,25104,Rodrygo Silva de Goes,9904.0,Frederico Rodrigues Santos,Incomplete,5.920304,46.2,50.9,50.9,54.5
3857280,2022-12-02,Group Stage,Cameroon,1,19,21,Brazil,3247,Fábio Henrique Tavares,25363.0,Antony Matheus dos Santos,Complete,28.991379,4.0,67.6,31.1,77.9
3857280,2022-12-02,Group Stage,Cameroon,1,19,22,Brazil,25363,Antony Matheus dos Santos,25104.0,Rodrygo Silva de Goes,Incomplete,9.123596,31.1,77.9,35.1,69.7
3857280,2022-12-02,Group Stage,Cameroon,1,19,58,Brazil,29976,Gabriel Teodoro Martinelli Silva,11183.0,Alex Nicolao Telles,Complete,12.304471,15.0,10.5,2.8,8.9
3857280,2022-12-02,Group Stage,Cameroon,1,20,1,Brazil,11183,Alex Nicolao Telles,3202.0,Gabriel Fernando de Jesus,Incomplete,49.149773,2.4,6.2,50.7,15.3
3857280,2022-12-02,Group Stage,Cameroon,1,20,32,Brazil,11183,Alex Nicolao Telles,11493.0,Gleison Bremer Silva Nascimento,Complete,17.202908,50.2,15.3,33.9,20.8
3857280,2022-12-02,Group Stage,Cameroon,1,20,35,Brazil,11493,Gleison Bremer Silva Nascimento,13620.0,Éder Gabriel Militão,Complete,23.568836,33.5,23.5,31.7,47.0
3857280,2022-12-02,Group Stage,Cameroon,1,20,37,Brazil,13620,Éder Gabriel Militão,4324.0,Daniel Alves da Silva,Complete,14.389232,32.2,49.4,36.9,63.0
3857280,2022-12-02,Group Stage,Cameroon,1,20,41,Brazil,4324,Daniel Alves da Silva,9904.0,Frederico Rodrigues Santos,Complete,16.881351,40.4,67.8,55.1,76.1
3857280,2022-12-02,Group Stage,Cameroon,1,20,44,Brazil,9904,Frederico Rodrigues Santos,4324.0,Daniel Alves da Silva,Complete,12.206555,58.5,77.4,46.9,73.6
3857280,2022-12-02,Group Stage,Cameroon,1,20,45,Brazil,4324,Daniel Alves da Silva,25104.0,Rodrygo Silva de Goes,Complete,13.059862,46.9,73.6,56.9,65.2
3857280,2022-12-02,Group Stage,Cameroon,1,20,47,Brazil,25104,Rodrygo Silva de Goes,25363.0,Antony Matheus dos Santos,Complete,8.13941,56.9,65.2,64.2,61.6
3857280,2022-12-02,Group Stage,Cameroon,1,20,48,Brazil,25363,Antony Matheus dos Santos,25104.0,Rodrygo Silva de Goes,Complete,2.0518284,64.2,61.6,62.7,63.0
3857280,2022-12-02,Group Stage,Cameroon,1,20,49,Brazil,25104,Rodrygo Silva de Goes,25363.0,Antony Matheus dos Santos,Complete,3.88973,73.9,61.6,71.1,58.9
3857280,2022-12-02,Group Stage,Cameroon,1,20,50,Brazil,25363,Antony Matheus dos Santos,9904.0,Frederico Rodrigues Santos,Complete,20.727036,71.1,58.9,83.1,75.8
3857280,2022-12-02,Group Stage,Cameroon,1,20,53,Brazil,9904,Frederico Rodrigues Santos,25363.0,Antony Matheus dos Santos,Complete,4.0816665,88.2,62.9,84.7,60.8
3857280,2022-12-02,Group Stage,Cameroon,1,20,58,Brazil,25363,Antony Matheus dos Santos,11183.0,Alex Nicolao Telles,Complete,26.66777,86.9,54.8,88.8,28.2
3857280,2022-12-02,Group Stage,Cameroon,1,20,59,Brazil,11183,Alex Nicolao Telles,29976.0,Gabriel Teodoro Martinelli Silva,Complete,23.216589,88.8,28.2,101.4,8.7
3857280,2022-12-02,Group Stage,Cameroon,1,21,4,Brazil,29976,Gabriel Teodoro Martinelli Silva,11183.0,Alex Nicolao Telles,Complete,13.885244,105.4,7.5,95.0,16.7
3857280,2022-12-02,Group Stage,Cameroon,1,21,6,Brazil,11183,Alex Nicolao Telles,3202.0,Gabriel Fernando de Jesus,Incomplete,30.63413,95.0,16.9,108.7,44.3
3857280,2022-12-02,Group Stage,Cameroon,1,21,48,Brazil,25104,Rodrygo Silva de Goes,,,Incomplete,32.86092,120.0,0.1,118.0,32.9
3857280,2022-12-02,Group Stage,Cameroon,1,22,7,Brazil,25104,Rodrygo Silva de Goes,3247.0,Fábio Henrique Tavares,Incomplete,36.286224,120.0,0.1,117.5,36.3
3857280,2022-12-02,Group Stage,Cameroon,1,22,11,Brazil,11183,Alex Nicolao Telles,25104.0,Rodrygo Silva de Goes,Out,18.647251,105.4,24.9,120.0,13.3
3857280,2022-12-02,Group Stage,Cameroon,1,23,17,Brazil,3247,Fábio Henrique Tavares,,,Incomplete,19.506409,45.5,32.1,57.6,47.4
3857280,2022-12-02,Group Stage,Cameroon,1,23,21,Brazil,4324,Daniel Alves da Silva,25104.0,Rodrygo Silva de Goes,Incomplete,10.7912,45.3,63.4,54.4,57.6
3857280,2022-12-02,Group Stage,Cameroon,1,23,29,Brazil,3202,Gabriel Fernando de Jesus,4324.0,Daniel Alves da Silva,Complete,8.570297,61.1,54.3,68.2,59.1
3857280,2022-12-02,Group Stage,Cameroon,1,23,59,Brazil,4324,Daniel Alves da Silva,13620.0,Éder Gabriel Militão,Complete,17.38764,63.8,73.0,50.5,61.8
3857280,2022-12-02,Group Stage,Cameroon,1,24,3,Brazil,13620,Éder Gabriel Militão,3247.0,Fábio Henrique Tavares,Complete,14.993666,50.9,61.8,60.4,50.2
3857280,2022-12-02,Group Stage,Cameroon,1,24,6,Brazil,3247,Fábio Henrique Tavares,29976.0,Gabriel Teodoro Martinelli Silva,Complete,60.91847,69.8,57.0,100.7,4.5
3857280,2022-12-02,Group Stage,Cameroon,1,24,15,Brazil,29976,Gabriel Teodoro Martinelli Silva,3202.0,Gabriel Fernando de Jesus,Incomplete,9.464143,118.7,26.4,117.6,35.8
3857280,2022-12-02,Group Stage,Cameroon,1,24,20,Brazil,3247,Fábio Henrique Tavares,3202.0,Gabriel Fernando de Jesus,Complete,12.649111,92.7,18.9,104.7,14.9
3857280,2022-12-02,Group Stage,Cameroon,1,24,23,Brazil,3202,Gabriel Fernando de Jesus,3247.0,Fábio Henrique Tavares,Complete,6.935416,104.7,14.9,111.6,15.6
3857280,2022-12-02,Group Stage,Cameroon,1,24,26,Brazil,3247,Fábio Henrique Tavares,11183.0,Alex Nicolao Telles,Complete,14.536161,111.9,15.6,98.8,9.3
3857280,2022-12-02,Group Stage,Cameroon,1,24,27,Brazil,11183,Alex Nicolao Telles,25104.0,Rodrygo Silva de Goes,Incomplete,42.28392,98.8,9.3,111.6,49.6
3857280,2022-12-02,Group Stage,Cameroon,1,24,31,Brazil,4324,Daniel Alves da Silva,9904.0,Frederico Rodrigues Santos,Complete,15.232203,88.0,59.4,96.1,72.3
3857280,2022-12-02,Group Stage,Cameroon,1,24,34,Brazil,9904,Frederico Rodrigues Santos,25363.0,Antony Matheus dos Santos,Complete,8.099382,91.8,76.1,99.4,78.9
3857280,2022-12-02,Group Stage,Cameroon,1,24,39,Brazil,25363,Antony Matheus dos Santos,29976.0,Gabriel Teodoro Martinelli Silva,Incomplete,32.268406,98.5,70.3,111.8,40.9
3857280,2022-12-02,Group Stage,Cameroon,1,25,1,Brazil,25363,Antony Matheus dos Santos,4324.0,Daniel Alves da Silva,Complete,15.601282,120.0,80.0,107.4,70.8
3857280,2022-12-02,Group Stage,Cameroon,1,25,4,Brazil,4324,Daniel Alves da Silva,25363.0,Antony Matheus dos Santos,Complete,15.22268,111.8,73.2,101.6,61.9
3857280,2022-12-02,Group Stage,Cameroon,1,25,6,Brazil,25363,Antony Matheus dos Santos,,,Incomplete,16.843397,100.7,58.9,109.6,44.6
3857280,2022-12-02,Group Stage,Cameroon,1,25,10,Brazil,9904,Frederico Rodrigues Santos,25363.0,Antony Matheus dos Santos,Complete,15.01466,80.2,73.8,91.4,63.8
3857280,2022-12-02,Group Stage,Cameroon,1,25,11,Brazil,25363,Antony Matheus dos Santos,11183.0,Alex Nicolao Telles,Complete,30.386345,91.4,63.8,68.7,43.6
3857280,2022-12-02,Group Stage,Cameroon,1,25,15,Brazil,11183,Alex Nicolao Telles,3202.0,Gabriel Fernando de Jesus,Complete,31.11784,72.6,35.1,94.2,12.7
3857280,2022-12-02,Group Stage,Cameroon,1,25,18,Brazil,3202,Gabriel Fernando de Jesus,25104.0,Rodrygo Silva de Goes,Complete,14.001429,93.8,8.9,93.6,22.9
3857280,2022-12-02,Group Stage,Cameroon,1,25,19,Brazil,25104,Rodrygo Silva de Goes,29976.0,Gabriel Teodoro Martinelli Silva,Complete,9.885848,93.6,22.9,101.3,29.1
3857280,2022-12-02,Group Stage,Cameroon,1,25,20,Brazil,29976,Gabriel Teodoro Martinelli Silva,25104.0,Rodrygo Silva de Goes,Incomplete,2.842534,101.0,29.1,99.2,26.9
3857280,2022-12-02,Group Stage,Cameroon,1,27,29,Brazil,3067,Ederson Santana de Moraes,13620.0,Éder Gabriel Militão,Complete,14.666969,7.0,36.1,8.4,50.7
3857280,2022-12-02,Group Stage,Cameroon,1,27,31,Brazil,13620,Éder Gabriel Militão,3067.0,Ederson Santana de Moraes,Complete,13.576818,8.4,50.7,3.6,38.0
3857280,2022-12-02,Group Stage,Cameroon,1,27,34,Brazil,3067,Ederson Santana de Moraes,11493.0,Gleison Bremer Silva Nascimento,Complete,20.435265,4.7,35.8,3.5,15.4
3857280,2022-12-02,Group Stage,Cameroon,1,27,38,Brazil,11493,Gleison Bremer Silva Nascimento,25104.0,Rodrygo Silva de Goes,Complete,56.558994,4.2,22.0,55.6,45.6
3857280,2022-12-02,Group Stage,Cameroon,1,29,43,Brazil,11493,Gleison Bremer Silva Nascimento,4324.0,Daniel Alves da Silva,Complete,9.626006,86.9,37.8,79.8,44.3
3857280,2022-12-02,Group Stage,Cameroon,1,29,46,Brazil,4324,Daniel Alves da Silva,11493.0,Gleison Bremer Silva Nascimento,Complete,18.732058,79.3,43.6,75.3,25.3
3857280,2022-12-02,Group Stage,Cameroon,1,29,49,Brazil,11493,Gleison Bremer Silva Nascimento,29976.0,Gabriel Teodoro Martinelli Silva,Out,46.340046,73.8,9.8,120.0,6.2
3857280,2022-12-02,Group Stage,Cameroon,1,30,33,Brazil,4324,Daniel Alves da Silva,25104.0,Rodrygo Silva de Goes,Incomplete,14.501379,48.8,71.4,63.3,71.6
3857280,2022-12-02,Group Stage,Cameroon,1,31,38,Brazil,3067,Ederson Santana de Moraes,25104.0,Rodrygo Silva de Goes,Complete,41.245605,16.8,36.7,56.2,24.5
3857280,2022-12-02,Group Stage,Cameroon,1,31,41,Brazil,25104,Rodrygo Silva de Goes,3202.0,Gabriel Fernando de Jesus,Complete,14.17392,54.9,25.4,68.2,30.3
3857280,2022-12-02,Group Stage,Cameroon,1,31,43,Brazil,3202,Gabriel Fernando de Jesus,25104.0,Rodrygo Silva de Goes,Complete,5.700877,63.3,26.4,64.8,20.9
3857280,2022-12-02,Group Stage,Cameroon,1,34,30,Brazil,13620,Éder Gabriel Militão,25363.0,Antony Matheus dos Santos,Complete,21.240763,63.3,63.2,80.4,75.8
3857280,2022-12-02,Group Stage,Cameroon,1,34,46,Brazil,4324,Daniel Alves da Silva,25363.0,Antony Matheus dos Santos,Complete,9.914131,102.3,80.0,92.5,78.5
3857280,2022-12-02,Group Stage,Cameroon,1,34,50,Brazil,25363,Antony Matheus dos Santos,13620.0,Éder Gabriel Militão,Complete,23.28798,85.3,77.9,62.6,72.7
3857280,2022-12-02,Group Stage,Cameroon,1,34,55,Brazil,13620,Éder Gabriel Militão,11493.0,Gleison Bremer Silva Nascimento,Complete,27.067509,59.3,66.5,52.9,40.2
3857280,2022-12-02,Group Stage,Cameroon,1,34,58,Brazil,11493,Gleison Bremer Silva Nascimento,11183.0,Alex Nicolao Telles,Complete,24.593699,53.3,38.1,59.1,14.2
3857280,2022-12-02,Group Stage,Cameroon,1,35,1,Brazil,11183,Alex Nicolao Telles,29976.0,Gabriel Teodoro Martinelli Silva,Complete,16.052414,61.8,12.0,75.6,3.8
3857280,2022-12-02,Group Stage,Cameroon,1,35,4,Brazil,29976,Gabriel Teodoro Martinelli Silva,11183.0,Alex Nicolao Telles,Complete,16.003124,75.6,3.8,60.5,9.1
3857280,2022-12-02,Group Stage,Cameroon,1,35,7,Brazil,11183,Alex Nicolao Telles,11493.0,Gleison Bremer Silva Nascimento,Complete,20.248457,57.6,11.3,46.6,28.3
3857280,2022-12-02,Group Stage,Cameroon,1,35,14,Brazil,11493,Gleison Bremer Silva Nascimento,25104.0,Rodrygo Silva de Goes,Complete,9.391485,51.8,30.9,60.2,26.7
3857280,2022-12-02,Group Stage,Cameroon,1,35,17,Brazil,25104,Rodrygo Silva de Goes,4324.0,Daniel Alves da Silva,Complete,17.0763,58.0,31.4,63.4,47.6
3857280,2022-12-02,Group Stage,Cameroon,1,35,18,Brazil,4324,Daniel Alves da Silva,25104.0,Rodrygo Silva de Goes,Complete,5.508176,63.4,47.6,63.7,42.1
3857280,2022-12-02,Group Stage,Cameroon,1,35,26,Brazil,11493,Gleison Bremer Silva Nascimento,3247.0,Fábio Henrique Tavares,Complete,7.4249578,32.8,46.2,38.0,40.9
3857280,2022-12-02,Group Stage,Cameroon,1,35,29,Brazil,3247,Fábio Henrique Tavares,13620.0,Éder Gabriel Militão,Complete,9.626006,38.0,44.3,31.5,51.4
3857280,2022-12-02,Group Stage,Cameroon,1,35,31,Brazil,13620,Éder Gabriel Militão,9904.0,Frederico Rodrigues Santos,Complete,14.638647,35.8,52.9,46.0,63.4
3857280,2022-12-02,Group Stage,Cameroon,1,35,34,Brazil,9904,Frederico Rodrigues Santos,4324.0,Daniel Alves da Silva,Complete,16.347782,50.4,63.0,58.5,77.2
3857280,2022-12-02,Group Stage,Cameroon,1,35,37,Brazil,4324,Daniel Alves da Silva,25363.0,Antony Matheus dos Santos,Complete,8.908984,61.5,78.1,70.4,78.5
3857280,2022-12-02,Group Stage,Cameroon,1,35,38,Brazil,25363,Antony Matheus dos Santos,25104.0,Rodrygo Silva de Goes,Complete,7.48131,70.4,78.5,69.3,71.1
3857280,2022-12-02,Group Stage,Cameroon,1,35,38,Brazil,25104,Rodrygo Silva de Goes,25363.0,Antony Matheus dos Santos,Complete,7.930952,69.3,71.1,70.0,79.0
3857280,2022-12-02,Group Stage,Cameroon,1,35,40,Brazil,25363,Antony Matheus dos Santos,25104.0,Rodrygo Silva de Goes,Complete,2.4,74.9,78.3,74.9,75.9
3857280,2022-12-02,Group Stage,Cameroon,1,35,41,Brazil,25104,Rodrygo Silva de Goes,25363.0,Antony Matheus dos Santos,Complete,2.9410882,74.9,75.9,73.2,78.3
3857280,2022-12-02,Group Stage,Cameroon,1,35,42,Brazil,25363,Antony Matheus dos Santos,4324.0,Daniel Alves da Silva,Complete,11.997083,73.2,78.6,62.0,74.3
3857280,2022-12-02,Group Stage,Cameroon,1,35,44,Brazil,4324,Daniel Alves da Silva,9904.0,Frederico Rodrigues Santos,Complete,8.969393,62.0,74.1,65.4,65.8
3857280,2022-12-02,Group Stage,Cameroon,1,35,46,Brazil,9904,Frederico Rodrigues Santos,29976.0,Gabriel Teodoro Martinelli Silva,Complete,59.625916,64.8,59.1,99.9,10.9
3857280,2022-12-02,Group Stage,Cameroon,1,35,52,Brazil,29976,Gabriel Teodoro Martinelli Silva,25104.0,Rodrygo Silva de Goes,Complete,13.408206,106.7,20.2,105.0,33.5
3857280,2022-12-02,Group Stage,Cameroon,1,36,4,Brazil,11493,Gleison Bremer Silva Nascimento,11183.0,Alex Nicolao Telles,Complete,12.734991,32.0,28.2,40.7,18.9
3857280,2022-12-02,Group Stage,Cameroon,1,36,7,Brazil,11183,Alex Nicolao Telles,9904.0,Frederico Rodrigues Santos,Complete,16.860012,45.8,17.2,59.3,27.3
3857280,2022-12-02,Group Stage,Cameroon,1,36,9,Brazil,9904,Frederico Rodrigues Santos,3202.0,Gabriel Fernando de Jesus,Incomplete,9.291394,63.4,28.9,72.6,30.2
3857280,2022-12-02,Group Stage,Cameroon,1,36,41,Brazil,13620,Éder Gabriel Militão,25363.0,Antony Matheus dos Santos,Complete,27.930807,32.0,57.0,51.8,76.7
3857280,2022-12-02,Group Stage,Cameroon,1,36,56,Brazil,3247,Fábio Henrique Tavares,29976.0,Gabriel Teodoro Martinelli Silva,Complete,11.92057,48.8,33.2,49.5,21.3
3857280,2022-12-02,Group Stage,Cameroon,1,37,1,Brazil,29976,Gabriel Teodoro Martinelli Silva,9904.0,Frederico Rodrigues Santos,Complete,21.100948,76.4,32.9,92.7,46.3
3857280,2022-12-02,Group Stage,Cameroon,1,37,4,Brazil,9904,Frederico Rodrigues Santos,25363.0,Antony Matheus dos Santos,Complete,12.525175,95.8,47.6,103.6,57.4
3857280,2022-12-02,Group Stage,Cameroon,1,39,33,Brazil,29976,Gabriel Teodoro Martinelli Silva,3247.0,Fábio Henrique Tavares,Complete,16.62077,75.3,0.1,69.3,15.6
3857280,2022-12-02,Group Stage,Cameroon,1,39,36,Brazil,3247,Fábio Henrique Tavares,,,Injury Clearance,43.289722,69.8,15.8,107.2,37.6
3857280,2022-12-02,Group Stage,Cameroon,1,40,2,Brazil,3067,Ederson Santana de Moraes,9904.0,Frederico Rodrigues Santos,Complete,21.883327,16.8,53.6,35.6,64.8
3857280,2022-12-02,Group Stage,Cameroon,1,40,6,Brazil,9904,Frederico Rodrigues Santos,25363.0,Antony Matheus dos Santos,Complete,10.434558,45.1,76.5,55.3,74.3
3857280,2022-12-02,Group Stage,Cameroon,1,40,7,Brazil,25363,Antony Matheus dos Santos,9904.0,Frederico Rodrigues Santos,Complete,9.493682,55.3,74.3,46.6,78.1
3857280,2022-12-02,Group Stage,Cameroon,1,40,10,Brazil,9904,Frederico Rodrigues Santos,13620.0,Éder Gabriel Militão,Complete,22.983908,38.9,79.4,24.0,61.9
3857280,2022-12-02,Group Stage,Cameroon,1,40,12,Brazil,13620,Éder Gabriel Militão,11493.0,Gleison Bremer Silva Nascimento,Complete,23.231014,24.0,61.9,22.8,38.7
3857280,2022-12-02,Group Stage,Cameroon,1,40,19,Brazil,11493,Gleison Bremer Silva Nascimento,13620.0,Éder Gabriel Militão,Complete,21.692394,31.1,40.9,29.1,62.5
3857280,2022-12-02,Group Stage,Cameroon,1,40,21,Brazil,13620,Éder Gabriel Militão,4324.0,Daniel Alves da Silva,Complete,14.176742,29.1,62.5,38.4,73.2
3857280,2022-12-02,Group Stage,Cameroon,1,40,24,Brazil,4324,Daniel Alves da Silva,9904.0,Frederico Rodrigues Santos,Complete,14.759743,45.1,75.8,51.5,62.5
3857280,2022-12-02,Group Stage,Cameroon,1,40,25,Brazil,9904,Frederico Rodrigues Santos,4324.0,Daniel Alves da Silva,Complete,14.25798,51.5,62.5,43.8,74.5
3857280,2022-12-02,Group Stage,Cameroon,1,40,26,Brazil,4324,Daniel Alves da Silva,11493.0,Gleison Bremer Silva Nascimento,Complete,37.72559,43.8,74.5,25.7,41.4
3857280,2022-12-02,Group Stage,Cameroon,1,40,34,Brazil,11493,Gleison Bremer Silva Nascimento,11183.0,Alex Nicolao Telles,Complete,22.700882,39.1,32.0,39.3,9.3
3857280,2022-12-02,Group Stage,Cameroon,1,40,37,Brazil,11183,Alex Nicolao Telles,3202.0,Gabriel Fernando de Jesus,Incomplete,30.168362,39.3,9.3,69.1,14.0
3857280,2022-12-02,Group Stage,Cameroon,1,40,49,Brazil,11493,Gleison Bremer Silva Nascimento,3067.0,Ederson Santana de Moraes,Complete,5.748913,8.2,34.7,2.6,36.0
3857280,2022-12-02,Group Stage,Cameroon,1,40,52,Brazil,3067,Ederson Santana de Moraes,9904.0,Frederico Rodrigues Santos,Complete,18.33712,13.9,37.8,30.2,46.2
3857280,2022-12-02,Group Stage,Cameroon,1,40,55,Brazil,9904,Frederico Rodrigues Santos,25363.0,Antony Matheus dos Santos,Complete,29.36154,31.1,45.8,46.0,71.1
3857280,2022-12-02,Group Stage,Cameroon,1,40,56,Brazil,25363,Antony Matheus dos Santos,4324.0,Daniel Alves da Silva,Complete,11.950732,45.8,71.4,34.9,66.5
3857280,2022-12-02,Group Stage,Cameroon,1,40,59,Brazil,4324,Daniel Alves da Silva,25363.0,Antony Matheus dos Santos,Complete,15.428869,40.7,71.2,54.5,78.1
3857280,2022-12-02,Group Stage,Cameroon,1,41,3,Brazil,25363,Antony Matheus dos Santos,4324.0,Daniel Alves da Silva,Complete,13.124405,56.9,78.6,46.9,70.1
3857280,2022-12-02,Group Stage,Cameroon,1,41,8,Brazil,4324,Daniel Alves da Silva,13620.0,Éder Gabriel Militão,Complete,11.4947815,50.2,71.2,40.0,65.9
3857280,2022-12-02,Group Stage,Cameroon,1,41,11,Brazil,13620,Éder Gabriel Militão,3247.0,Fábio Henrique Tavares,Complete,31.508253,44.2,61.9,65.3,38.5
3857280,2022-12-02,Group Stage,Cameroon,1,41,13,Brazil,3247,Fábio Henrique Tavares,25104.0,Rodrygo Silva de Goes,Complete,6.8593,68.5,39.6,75.3,38.7
3857280,2022-12-02,Group Stage,Cameroon,1,41,15,Brazil,25104,Rodrygo Silva de Goes,9904.0,Frederico Rodrigues Santos,Complete,16.274212,75.3,42.5,85.6,55.1
3857280,2022-12-02,Group Stage,Cameroon,1,41,18,Brazil,9904,Frederico Rodrigues Santos,3247.0,Fábio Henrique Tavares,Incomplete,23.051247,80.9,50.9,95.3,32.9
3857280,2022-12-02,Group Stage,Cameroon,1,41,27,Brazil,11493,Gleison Bremer Silva Nascimento,9904.0,Frederico Rodrigues Santos,Complete,18.7,44.4,46.9,63.1,46.9
3857280,2022-12-02,Group Stage,Cameroon,1,41,29,Brazil,9904,Frederico Rodrigues Santos,11493.0,Gleison Bremer Silva Nascimento,Complete,14.8030405,56.9,44.8,43.7,38.1
3857280,2022-12-02,Group Stage,Cameroon,1,41,34,Brazil,11493,Gleison Bremer Silva Nascimento,11183.0,Alex Nicolao Telles,Complete,22.68612,35.3,37.0,38.2,14.5
3857280,2022-12-02,Group Stage,Cameroon,1,41,39,Brazil,11183,Alex Nicolao Telles,25104.0,Rodrygo Silva de Goes,Complete,19.190102,40.4,12.2,58.9,7.1
3857280,2022-12-02,Group Stage,Cameroon,1,41,44,Brazil,25104,Rodrygo Silva de Goes,29976.0,Gabriel Teodoro Martinelli Silva,Complete,14.5,84.9,11.8,96.5,3.1
3857280,2022-12-02,Group Stage,Cameroon,1,41,48,Brazil,29976,Gabriel Teodoro Martinelli Silva,11183.0,Alex Nicolao Telles,Complete,17.582378,99.8,3.1,82.3,4.8
3857280,2022-12-02,Group Stage,Cameroon,1,41,50,Brazil,11183,Alex Nicolao Telles,3247.0,Fábio Henrique Tavares,Complete,26.313684,82.3,4.8,72.7,29.3
3857280,2022-12-02,Group Stage,Cameroon,1,41,53,Brazil,3247,Fábio Henrique Tavares,4324.0,Daniel Alves da Silva,Complete,21.539267,69.1,29.4,70.4,50.9
3857280,2022-12-02,Group Stage,Cameroon,1,41,54,Brazil,4324,Daniel Alves da Silva,13620.0,Éder Gabriel Militão,Complete,8.028076,69.3,48.7,63.1,43.6
3857280,2022-12-02,Group Stage,Cameroon,1,41,59,Brazil,13620,Éder Gabriel Militão,11493.0,Gleison Bremer Silva Nascimento,Complete,13.514807,63.1,43.6,57.5,31.3
3857280,2022-12-02,Group Stage,Cameroon,1,42,1,Brazil,11493,Gleison Bremer Silva Nascimento,25104.0,Rodrygo Silva de Goes,Complete,25.179358,58.2,30.2,76.4,47.6
3857280,2022-12-02,Group Stage,Cameroon,1,42,2,Brazil,25104,Rodrygo Silva de Goes,4324.0,Daniel Alves da Silva,Unknown,10.016986,76.5,47.4,81.8,55.9
3857280,2022-12-02,Group Stage,Cameroon,1,42,50,Brazil,3067,Ederson Santana de Moraes,25104.0,Rodrygo Silva de Goes,Complete,29.218145,14.4,13.3,43.3,17.6
3857280,2022-12-02,Group Stage,Cameroon,1,42,52,Brazil,25104,Rodrygo Silva de Goes,9904.0,Frederico Rodrigues Santos,Complete,13.50037,42.6,21.6,42.7,35.1
3857280,2022-12-02,Group Stage,Cameroon,1,42,54,Brazil,9904,Frederico Rodrigues Santos,25104.0,Rodrygo Silva de Goes,Complete,17.230787,42.6,35.1,58.3,28.0
3857280,2022-12-02,Group Stage,Cameroon,1,42,58,Brazil,25104,Rodrygo Silva de Goes,25363.0,Antony Matheus dos Santos,Incomplete,33.988823,74.3,50.3,106.1,38.3
3857280,2022-12-02,Group Stage,Cameroon,1,43,28,Brazil,3247,Fábio Henrique Tavares,25104.0,Rodrygo Silva de Goes,Complete,10.020978,57.5,72.9,65.6,67.0
3857280,2022-12-02,Group Stage,Cameroon,1,43,30,Brazil,25104,Rodrygo Silva de Goes,9904.0,Frederico Rodrigues Santos,Complete,14.038875,65.6,67.0,70.9,54.0
3857280,2022-12-02,Group Stage,Cameroon,1,43,31,Brazil,9904,Frederico Rodrigues Santos,3202.0,Gabriel Fernando de Jesus,Incomplete,11.308846,70.2,53.4,80.7,49.2
3857280,2022-12-02,Group Stage,Cameroon,1,44,3,Brazil,11183,Alex Nicolao Telles,11493.0,Gleison Bremer Silva Nascimento,Complete,20.658413,51.2,0.1,31.8,7.2
3857280,2022-12-02,Group Stage,Cameroon,1,44,7,Brazil,11493,Gleison Bremer Silva Nascimento,13620.0,Éder Gabriel Militão,Complete,32.85681,29.9,14.3,19.3,45.4
3857280,2022-12-02,Group Stage,Cameroon,1,44,13,Brazil,13620,Éder Gabriel Militão,11493.0,Gleison Bremer Silva Nascimento,Complete,28.750652,23.3,48.7,28.9,20.5
3857280,2022-12-02,Group Stage,Cameroon,1,44,17,Brazil,11493,Gleison Bremer Silva Nascimento,13620.0,Éder Gabriel Militão,Complete,25.807169,32.2,22.5,26.2,47.6
3857280,2022-12-02,Group Stage,Cameroon,1,44,21,Brazil,13620,Éder Gabriel Militão,25104.0,Rodrygo Silva de Goes,Complete,40.817886,32.6,52.1,63.3,79.0
3857280,2022-12-02,Group Stage,Cameroon,1,44,26,Brazil,25104,Rodrygo Silva de Goes,25363.0,Antony Matheus dos Santos,Complete,5.5217752,75.3,78.5,78.5,74.0
3857280,2022-12-02,Group Stage,Cameroon,1,44,26,Brazil,25363,Antony Matheus dos Santos,25104.0,Rodrygo Silva de Goes,Incomplete,5.390733,78.5,74.0,75.0,78.1
3857280,2022-12-02,Group Stage,Cameroon,1,44,44,Brazil,4324,Daniel Alves da Silva,13620.0,Éder Gabriel Militão,Complete,7.9511003,44.9,80.0,45.8,72.1
3857280,2022-12-02,Group Stage,Cameroon,1,44,56,Brazil,13620,Éder Gabriel Militão,4324.0,Daniel Alves da Silva,Complete,9.714422,43.8,68.3,40.4,77.4
3857280,2022-12-02,Group Stage,Cameroon,1,44,58,Brazil,4324,Daniel Alves da Silva,3247.0,Fábio Henrique Tavares,Complete,3.847077,41.3,75.4,44.7,73.6
3857280,2022-12-02,Group Stage,Cameroon,1,44,59,Brazil,3247,Fábio Henrique Tavares,25363.0,Antony Matheus dos Santos,Complete,13.807969,44.7,73.6,58.2,76.5
3857280,2022-12-02,Group Stage,Cameroon,1,45,1,Brazil,25363,Antony Matheus dos Santos,4324.0,Daniel Alves da Silva,Complete,10.884851,45.5,79.2,35.3,75.4
3857280,2022-12-02,Group Stage,Cameroon,1,45,4,Brazil,4324,Daniel Alves da Silva,13620.0,Éder Gabriel Militão,Complete,17.16042,35.3,75.4,25.1,61.6
3857280,2022-12-02,Group Stage,Cameroon,1,45,6,Brazil,13620,Éder Gabriel Militão,3067.0,Ederson Santana de Moraes,Complete,28.90121,25.1,61.6,9.3,37.4
3857280,2022-12-02,Group Stage,Cameroon,1,45,11,Brazil,3067,Ederson Santana de Moraes,11493.0,Gleison Bremer Silva Nascimento,Complete,16.3487,9.3,37.4,13.5,21.6
3857280,2022-12-02,Group Stage,Cameroon,1,45,17,Brazil,11493,Gleison Bremer Silva Nascimento,25104.0,Rodrygo Silva de Goes,Complete,27.358545,26.1,21.5,52.6,14.7
3857280,2022-12-02,Group Stage,Cameroon,1,45,18,Brazil,25104,Rodrygo Silva de Goes,11183.0,Alex Nicolao Telles,Complete,13.377593,52.6,14.9,45.6,3.5
3857280,2022-12-02,Group Stage,Cameroon,1,45,20,Brazil,11183,Alex Nicolao Telles,29976.0,Gabriel Teodoro Martinelli Silva,Incomplete,4.110961,45.6,3.5,49.5,4.8
3857280,2022-12-02,Group Stage,Cameroon,1,45,30,Brazil,11183,Alex Nicolao Telles,11493.0,Gleison Bremer Silva Nascimento,Complete,17.230787,54.2,5.5,39.1,13.8
3857280,2022-12-02,Group Stage,Cameroon,1,45,34,Brazil,11493,Gleison Bremer Silva Nascimento,13620.0,Éder Gabriel Militão,Complete,24.751768,37.7,24.2,39.3,48.9
3857280,2022-12-02,Group Stage,Cameroon,1,45,37,Brazil,13620,Éder Gabriel Militão,11493.0,Gleison Bremer Silva Nascimento,Complete,14.727526,39.3,48.9,38.4,34.2
3857280,2022-12-02,Group Stage,Cameroon,1,45,42,Brazil,11493,Gleison Bremer Silva Nascimento,13620.0,Éder Gabriel Militão,Complete,25.401772,44.4,29.4,44.7,54.8
3857280,2022-12-02,Group Stage,Cameroon,1,45,46,Brazil,13620,Éder Gabriel Militão,3202.0,Gabriel Fernando de Jesus,Incomplete,53.66796,59.3,61.4,103.8,31.4
3857280,2022-12-02,Group Stage,Cameroon,1,46,35,Brazil,25363,Antony Matheus dos Santos,25104.0,Rodrygo Silva de Goes,Complete,32.3858,120.0,80.0,107.8,50.0
3857280,2022-12-02,Group Stage,Cameroon,1,47,9,Brazil,3247,Fábio Henrique Tavares,3202.0,Gabriel Fernando de Jesus,Incomplete,30.28663,48.2,63.0,73.4,46.2
3857280,2022-12-02,Group Stage,Cameroon,1,47,44,Brazil,13620,Éder Gabriel Militão,25104.0,Rodrygo Silva de Goes,Complete,33.0103,20.6,75.6,50.4,61.4
3857280,2022-12-02,Group Stage,Cameroon,1,48,12,Brazil,3067,Ederson Santana de Moraes,13620.0,Éder Gabriel Militão,Complete,20.93466,7.0,44.1,21.5,59.2
3857280,2022-12-02,Group Stage,Cameroon,1,48,18,Brazil,13620,Éder Gabriel Militão,11493.0,Gleison Bremer Silva Nascimento,Complete,25.616402,28.8,58.7,24.2,33.5
3857280,2022-12-02,Group Stage,Cameroon,1,48,24,Brazil,11493,Gleison Bremer Silva Nascimento,13620.0,Éder Gabriel Militão,Complete,24.909838,32.2,33.1,31.5,58.0
3857280,2022-12-02,Group Stage,Cameroon,1,48,28,Brazil,13620,Éder Gabriel Militão,11493.0,Gleison Bremer Silva Nascimento,Complete,30.513275,32.4,59.1,33.3,28.6
3857280,2022-12-02,Group Stage,Cameroon,1,48,32,Brazil,11493,Gleison Bremer Silva Nascimento,13620.0,Éder Gabriel Militão,Complete,32.36078,38.0,26.4,33.9,58.5
3857280,2022-12-02,Group Stage,Cameroon,1,48,35,Brazil,13620,Éder Gabriel Militão,4324.0,Daniel Alves da Silva,Complete,14.069826,33.1,63.2,34.5,77.2
3857280,2022-12-02,Group Stage,Cameroon,1,48,37,Brazil,4324,Daniel Alves da Silva,25363.0,Antony Matheus dos Santos,Complete,17.933767,33.7,78.1,51.6,79.2
3857280,2022-12-02,Group Stage,Cameroon,1,48,38,Brazil,25363,Antony Matheus dos Santos,9904.0,Frederico Rodrigues Santos,Complete,16.201235,51.6,79.2,51.8,63.0
3857280,2022-12-02,Group Stage,Cameroon,1,48,42,Brazil,9904,Frederico Rodrigues Santos,29976.0,Gabriel Teodoro Martinelli Silva,Complete,52.710625,58.2,52.1,80.2,4.2
3857280,2022-12-02,Group Stage,Cameroon,1,48,49,Brazil,29976,Gabriel Teodoro Martinelli Silva,11183.0,Alex Nicolao Telles,Complete,8.792042,80.5,13.7,85.4,6.4
3857280,2022-12-02,Group Stage,Cameroon,1,48,52,Brazil,11183,Alex Nicolao Telles,11493.0,Gleison Bremer Silva Nascimento,Complete,27.306593,79.8,4.9,57.6,20.8
3857280,2022-12-02,Group Stage,Cameroon,1,48,55,Brazil,11493,Gleison Bremer Silva Nascimento,13620.0,Éder Gabriel Militão,Complete,32.3736,57.5,21.5,53.3,53.6
3857280,2022-12-02,Group Stage,Cameroon,1,48,58,Brazil,13620,Éder Gabriel Militão,4324.0,Daniel Alves da Silva,Unknown,13.868309,52.3,60.5,63.1,69.2
3857280,2022-12-02,Group Stage,Cameroon,2,45,27,Brazil,11493,Gleison Bremer Silva Nascimento,3067.0,Ederson Santana de Moraes,Complete,29.98433,27.6,14.1,6.1,35.0
3857280,2022-12-02,Group Stage,Cameroon,2,45,34,Brazil,3067,Ederson Santana de Moraes,11493.0,Gleison Bremer Silva Nascimento,Complete,14.200352,6.7,35.6,6.8,21.4
3857280,2022-12-02,Group Stage,Cameroon,2,45,38,Brazil,11493,Gleison Bremer Silva Nascimento,3067.0,Ederson Santana de Moraes,Complete,16.062689,8.6,20.0,2.6,34.9
3857280,2022-12-02,Group Stage,Cameroon,2,45,48,Brazil,3067,Ederson Santana de Moraes,25363.0,Antony Matheus dos Santos,Complete,66.31033,9.8,33.3,60.7,75.8
3857280,2022-12-02,Group Stage,Cameroon,2,46,4,Brazil,13620,Éder Gabriel Militão,25104.0,Rodrygo Silva de Goes,Incomplete,34.757015,31.5,74.4,66.1,71.1
3857280,2022-12-02,Group Stage,Cameroon,2,46,9,Brazil,9904,Frederico Rodrigues Santos,29976.0,Gabriel Teodoro Martinelli Silva,Complete,21.358137,55.4,53.3,59.8,32.4
3857280,2022-12-02,Group Stage,Cameroon,2,49,21,Brazil,3067,Ederson Santana de Moraes,11493.0,Gleison Bremer Silva Nascimento,Complete,19.645102,6.0,44.0,11.7,25.2
3857280,2022-12-02,Group Stage,Cameroon,2,49,30,Brazil,11493,Gleison Bremer Silva Nascimento,3067.0,Ederson Santana de Moraes,Complete,17.477127,17.8,22.8,5.9,35.6
3857280,2022-12-02,Group Stage,Cameroon,2,49,33,Brazil,3067,Ederson Santana de Moraes,3247.0,Fábio Henrique Tavares,Complete,22.900873,8.7,37.8,29.0,27.2
3857280,2022-12-02,Group Stage,Cameroon,2,49,34,Brazil,3247,Fábio Henrique Tavares,11493.0,Gleison Bremer Silva Nascimento,Complete,25.51627,29.0,27.2,7.8,13.0
3857280,2022-12-02,Group Stage,Cameroon,2,49,37,Brazil,11493,Gleison Bremer Silva Nascimento,11183.0,Alex Nicolao Telles,Complete,18.319935,9.8,13.3,25.7,4.2
3857280,2022-12-02,Group Stage,Cameroon,2,49,39,Brazil,11183,Alex Nicolao Telles,29976.0,Gabriel Teodoro Martinelli Silva,Complete,22.500889,28.4,2.2,50.9,2.4
3857280,2022-12-02,Group Stage,Cameroon,2,49,54,Brazil,11493,Gleison Bremer Silva Nascimento,,,Incomplete,18.729923,17.8,9.5,36.2,13.0
3857280,2022-12-02,Group Stage,Cameroon,2,52,16,Brazil,3067,Ederson Santana de Moraes,3202.0,Gabriel Fernando de Jesus,Complete,89.42958,6.0,36.0,95.4,38.3
3857280,2022-12-02,Group Stage,Cameroon,2,52,20,Brazil,3202,Gabriel Fernando de Jesus,25104.0,Rodrygo Silva de Goes,Complete,2.6172504,96.4,38.1,96.7,35.5
3857280,2022-12-02,Group Stage,Cameroon,2,52,44,Brazil,11493,Gleison Bremer Silva Nascimento,29976.0,Gabriel Teodoro Martinelli Silva,Incomplete,16.672132,29.0,10.0,45.4,7.0
3857280,2022-12-02,Group Stage,Cameroon,2,52,50,Brazil,4324,Daniel Alves da Silva,9904.0,Frederico Rodrigues Santos,Complete,8.475848,35.4,38.3,43.4,35.5
3857280,2022-12-02,Group Stage,Cameroon,2,52,51,Brazil,9904,Frederico Rodrigues Santos,25363.0,Antony Matheus dos Santos,Complete,32.67354,43.4,35.8,36.8,67.8
3857280,2022-12-02,Group Stage,Cameroon,2,52,57,Brazil,25363,Antony Matheus dos Santos,4324.0,Daniel Alves da Silva,Complete,15.283978,43.4,69.7,41.8,54.5
3857280,2022-12-02,Group Stage,Cameroon,2,52,59,Brazil,4324,Daniel Alves da Silva,9904.0,Frederico Rodrigues Santos,Complete,19.313208,44.0,57.5,54.2,41.1
3857280,2022-12-02,Group Stage,Cameroon,2,54,25,Brazil,3067,Ederson Santana de Moraes,4324.0,Daniel Alves da Silva,Complete,24.920073,6.0,44.0,16.5,66.6
3857280,2022-12-02,Group Stage,Cameroon,2,54,31,Brazil,4324,Daniel Alves da Silva,13620.0,Éder Gabriel Militão,Complete,19.921095,17.9,68.1,9.8,49.9
3857280,2022-12-02,Group Stage,Cameroon,2,54,34,Brazil,13620,Éder Gabriel Militão,11493.0,Gleison Bremer Silva Nascimento,Complete,26.508867,9.8,49.9,12.2,23.5
3857280,2022-12-02,Group Stage,Cameroon,2,54,43,Brazil,11493,Gleison Bremer Silva Nascimento,13620.0,Éder Gabriel Militão,Complete,15.947727,28.2,23.8,25.4,39.5
3857280,2022-12-02,Group Stage,Cameroon,2,54,46,Brazil,13620,Éder Gabriel Militão,11493.0,Gleison Bremer Silva Nascimento,Complete,8.319856,26.4,41.1,24.5,33.0
3857280,2022-12-02,Group Stage,Cameroon,2,54,52,Brazil,11493,Gleison Bremer Silva Nascimento,4372.0,Marcos Aoás Corrêa,Complete,15.843295,33.2,29.7,28.1,14.7
3857280,2022-12-02,Group Stage,Cameroon,2,54,56,Brazil,4372,Marcos Aoás Corrêa,3067.0,Ederson Santana de Moraes,Complete,25.620499,27.2,18.9,6.8,34.4
3857280,2022-12-02,Group Stage,Cameroon,2,55,1,Brazil,3067,Ederson Santana de Moraes,4372.0,Marcos Aoás Corrêa,Complete,40.620808,7.5,35.5,32.9,3.8
3857280,2022-12-02,Group Stage,Cameroon,2,55,5,Brazil,4372,Marcos Aoás Corrêa,11493.0,Gleison Bremer Silva Nascimento,Complete,16.070158,31.4,2.2,20.6,14.1
3857280,2022-12-02,Group Stage,Cameroon,2,55,14,Brazil,3067,Ederson Santana de Moraes,25154.0,Éverton Augusto de Barros Ribeiro,Incomplete,28.18865,8.1,33.6,35.3,41.0
3857280,2022-12-02,Group Stage,Cameroon,2,55,20,Brazil,3247,Fábio Henrique Tavares,3202.0,Gabriel Fernando de Jesus,Complete,12.434227,33.7,26.4,44.3,19.9
3857280,2022-12-02,Group Stage,Cameroon,2,55,22,Brazil,3202,Gabriel Fernando de Jesus,29976.0,Gabriel Teodoro Martinelli Silva,Complete,45.941265,48.4,19.5,92.8,7.7
3857280,2022-12-02,Group Stage,Cameroon,2,56,7,Brazil,25363,Antony Matheus dos Santos,,,Incomplete,40.538006,120.0,80.0,112.3,40.2
3857280,2022-12-02,Group Stage,Cameroon,2,56,13,Brazil,25154,Éverton Augusto de Barros Ribeiro,13620.0,Éder Gabriel Militão,Complete,24.389547,116.8,61.4,106.7,39.2
3857280,2022-12-02,Group Stage,Cameroon,2,56,50,Brazil,25154,Éverton Augusto de Barros Ribeiro,,,Incomplete,35.425556,120.0,0.1,110.4,34.2
3857280,2022-12-02,Group Stage,Cameroon,2,57,7,Brazil,3247,Fábio Henrique Tavares,25154.0,Éverton Augusto de Barros Ribeiro,Complete,13.132022,66.4,34.5,70.1,21.9
3857280,2022-12-02,Group Stage,Cameroon,2,57,12,Brazil,25154,Éverton Augusto de Barros Ribeiro,25363.0,Antony Matheus dos Santos,Complete,29.333427,97.5,23.8,98.9,53.1
3857280,2022-12-02,Group Stage,Cameroon,2,57,46,Brazil,25142,Bruno Guimarães Rodriguez Moura,11493.0,Gleison Bremer Silva Nascimento,Unknown,42.65677,120.0,0.1,117.8,42.7
3857280,2022-12-02,Group Stage,Cameroon,2,60,2,Brazil,25142,Bruno Guimarães Rodriguez Moura,3202.0,Gabriel Fernando de Jesus,Complete,8.723532,22.6,32.4,30.3,28.3
3857280,2022-12-02,Group Stage,Cameroon,2,60,26,Brazil,4372,Marcos Aoás Corrêa,11493.0,Gleison Bremer Silva Nascimento,Complete,12.167169,27.0,16.0,21.8,27.0
3857280,2022-12-02,Group Stage,Cameroon,2,60,29,Brazil,11493,Gleison Bremer Silva Nascimento,13620.0,Éder Gabriel Militão,Complete,28.29629,26.2,27.7,34.0,54.9
3857280,2022-12-02,Group Stage,Cameroon,2,60,36,Brazil,13620,Éder Gabriel Militão,4324.0,Daniel Alves da Silva,Complete,21.43945,65.4,73.5,86.8,72.2
3857280,2022-12-02,Group Stage,Cameroon,2,60,44,Brazil,25363,Antony Matheus dos Santos,25154.0,Éverton Augusto de Barros Ribeiro,Complete,12.465152,91.4,63.3,95.7,51.6
3857280,2022-12-02,Group Stage,Cameroon,2,60,50,Brazil,25363,Antony Matheus dos Santos,4324.0,Daniel Alves da Silva,Complete,10.5,92.9,50.6,92.9,61.1
3857280,2022-12-02,Group Stage,Cameroon,2,60,52,Brazil,4324,Daniel Alves da Silva,3202.0,Gabriel Fernando de Jesus,Incomplete,22.432343,93.6,63.1,100.0,41.6
3857280,2022-12-02,Group Stage,Cameroon,2,60,57,Brazil,4372,Marcos Aoás Corrêa,25142.0,Bruno Guimarães Rodriguez Moura,Complete,11.384639,66.8,8.8,74.8,16.9
3857280,2022-12-02,Group Stage,Cameroon,2,61,0,Brazil,25142,Bruno Guimarães Rodriguez Moura,4372.0,Marcos Aoás Corrêa,Complete,18.338211,67.3,17.7,57.5,2.2
3857280,2022-12-02,Group Stage,Cameroon,2,61,3,Brazil,4372,Marcos Aoás Corrêa,3247.0,Fábio Henrique Tavares,Complete,21.306337,57.5,2.2,68.9,20.2
3857280,2022-12-02,Group Stage,Cameroon,2,61,5,Brazil,3247,Fábio Henrique Tavares,25142.0,Bruno Guimarães Rodriguez Moura,Complete,8.319255,68.9,20.2,76.4,16.6
3857280,2022-12-02,Group Stage,Cameroon,2,61,8,Brazil,25142,Bruno Guimarães Rodriguez Moura,25154.0,Éverton Augusto de Barros Ribeiro,Complete,15.962456,92.2,23.5,96.4,38.9
3857280,2022-12-02,Group Stage,Cameroon,2,61,55,Brazil,3067,Ederson Santana de Moraes,13620.0,Éder Gabriel Militão,Complete,27.997322,15.0,28.5,23.1,55.3
3857280,2022-12-02,Group Stage,Cameroon,2,62,3,Brazil,13620,Éder Gabriel Militão,25363.0,Antony Matheus dos Santos,Complete,24.932308,39.2,62.4,63.1,69.5
3857280,2022-12-02,Group Stage,Cameroon,2,62,5,Brazil,25363,Antony Matheus dos Santos,13620.0,Éder Gabriel Militão,Complete,21.746264,56.2,70.3,36.1,62.0
3857280,2022-12-02,Group Stage,Cameroon,2,62,9,Brazil,13620,Éder Gabriel Militão,11493.0,Gleison Bremer Silva Nascimento,Complete,24.975588,30.9,59.7,27.2,35.0
3857280,2022-12-02,Group Stage,Cameroon,2,62,11,Brazil,11493,Gleison Bremer Silva Nascimento,4372.0,Marcos Aoás Corrêa,Complete,17.181967,29.5,35.0,32.6,18.1
3857280,2022-12-02,Group Stage,Cameroon,2,62,14,Brazil,4372,Marcos Aoás Corrêa,29976.0,Gabriel Teodoro Martinelli Silva,Complete,27.113096,38.2,12.4,62.8,1.0
3857280,2022-12-02,Group Stage,Cameroon,2,62,18,Brazil,29976,Gabriel Teodoro Martinelli Silva,4372.0,Marcos Aoás Corrêa,Complete,15.880806,62.6,1.7,49.8,11.1
3857280,2022-12-02,Group Stage,Cameroon,2,62,21,Brazil,4372,Marcos Aoás Corrêa,13620.0,Éder Gabriel Militão,Complete,42.9141,50.6,11.6,51.7,54.5
3857280,2022-12-02,Group Stage,Cameroon,2,62,24,Brazil,13620,Éder Gabriel Militão,25363.0,Antony Matheus dos Santos,Complete,36.360695,57.2,55.2,87.5,75.3
3857280,2022-12-02,Group Stage,Cameroon,2,62,29,Brazil,25363,Antony Matheus dos Santos,4324.0,Daniel Alves da Silva,Complete,12.657409,99.2,75.3,93.7,63.9
3857280,2022-12-02,Group Stage,Cameroon,2,62,31,Brazil,4324,Daniel Alves da Silva,25142.0,Bruno Guimarães Rodriguez Moura,Complete,13.382077,93.6,63.8,91.4,50.6
3857280,2022-12-02,Group Stage,Cameroon,2,62,34,Brazil,25142,Bruno Guimarães Rodriguez Moura,3202.0,Gabriel Fernando de Jesus,Complete,7.640026,97.0,49.4,98.9,42.0
3857280,2022-12-02,Group Stage,Cameroon,2,62,35,Brazil,3202,Gabriel Fernando de Jesus,4372.0,Marcos Aoás Corrêa,Complete,18.527008,99.2,42.0,88.9,26.6
3857280,2022-12-02,Group Stage,Cameroon,2,62,37,Brazil,4372,Marcos Aoás Corrêa,29976.0,Gabriel Teodoro Martinelli Silva,Complete,19.053871,88.4,26.6,104.8,16.9
3857280,2022-12-02,Group Stage,Cameroon,2,62,41,Brazil,29976,Gabriel Teodoro Martinelli Silva,25142.0,Bruno Guimarães Rodriguez Moura,Incomplete,18.895767,110.7,19.9,115.0,38.3
3857280,2022-12-02,Group Stage,Cameroon,2,63,54,Brazil,29976,Gabriel Teodoro Martinelli Silva,4372.0,Marcos Aoás Corrêa,Complete,20.110197,53.1,0.1,33.2,3.0
3857280,2022-12-02,Group Stage,Cameroon,2,63,57,Brazil,4372,Marcos Aoás Corrêa,3067.0,Ederson Santana de Moraes,Complete,39.091305,23.9,6.4,8.2,42.2
3857280,2022-12-02,Group Stage,Cameroon,2,64,0,Brazil,3067,Ederson Santana de Moraes,13620.0,Éder Gabriel Militão,Complete,17.497715,8.2,42.2,19.8,55.3
3857280,2022-12-02,Group Stage,Cameroon,2,64,4,Brazil,13620,Éder Gabriel Militão,25363.0,Antony Matheus dos Santos,Complete,31.661016,23.6,68.1,54.5,75.0
3857280,2022-12-02,Group Stage,Cameroon,2,64,5,Brazil,25363,Antony Matheus dos Santos,4324.0,Daniel Alves da Silva,Complete,13.82787,54.5,75.0,57.0,61.4
3857280,2022-12-02,Group Stage,Cameroon,2,64,8,Brazil,4324,Daniel Alves da Silva,25305.0,Pedro Guilherme Abreu dos Santos,Incomplete,53.66908,66.2,60.5,111.1,31.1
3857280,2022-12-02,Group Stage,Cameroon,2,64,29,Brazil,4372,Marcos Aoás Corrêa,25305.0,Pedro Guilherme Abreu dos Santos,Complete,27.50727,56.4,12.0,83.6,16.1
3857280,2022-12-02,Group Stage,Cameroon,2,64,32,Brazil,25305,Pedro Guilherme Abreu dos Santos,29976.0,Gabriel Teodoro Martinelli Silva,Complete,12.140017,85.6,13.3,75.9,20.6
3857280,2022-12-02,Group Stage,Cameroon,2,64,36,Brazil,29976,Gabriel Teodoro Martinelli Silva,4372.0,Marcos Aoás Corrêa,Out,26.348625,93.7,24.9,120.0,23.3
3857280,2022-12-02,Group Stage,Cameroon,2,65,30,Brazil,4324,Daniel Alves da Silva,25142.0,Bruno Guimarães Rodriguez Moura,Complete,13.098091,80.6,80.0,79.0,67.0
3857280,2022-12-02,Group Stage,Cameroon,2,65,31,Brazil,25142,Bruno Guimarães Rodriguez Moura,4324.0,Daniel Alves da Silva,Complete,10.458012,79.0,67.0,77.9,77.4
3857280,2022-12-02,Group Stage,Cameroon,2,65,32,Brazil,4324,Daniel Alves da Silva,25142.0,Bruno Guimarães Rodriguez Moura,Incomplete,5.515433,79.2,76.3,75.3,72.4
3857280,2022-12-02,Group Stage,Cameroon,2,66,26,Brazil,25142,Bruno Guimarães Rodriguez Moura,25154.0,Éverton Augusto de Barros Ribeiro,Complete,13.994642,69.5,18.9,80.3,27.8
3857280,2022-12-02,Group Stage,Cameroon,2,66,50,Brazil,25142,Bruno Guimarães Rodriguez Moura,29976.0,Gabriel Teodoro Martinelli Silva,Complete,15.016324,17.9,35.2,18.6,20.2
3857280,2022-12-02,Group Stage,Cameroon,2,67,53,Brazil,4372,Marcos Aoás Corrêa,29976.0,Gabriel Teodoro Martinelli Silva,Complete,45.800438,20.6,20.2,62.8,2.4
3857280,2022-12-02,Group Stage,Cameroon,2,67,56,Brazil,29976,Gabriel Teodoro Martinelli Silva,4372.0,Marcos Aoás Corrêa,Complete,18.668154,62.8,2.4,45.3,8.9
3857280,2022-12-02,Group Stage,Cameroon,2,67,59,Brazil,4372,Marcos Aoás Corrêa,11493.0,Gleison Bremer Silva Nascimento,Complete,18.604301,45.1,8.9,36.7,25.5
3857280,2022-12-02,Group Stage,Cameroon,2,68,2,Brazil,11493,Gleison Bremer Silva Nascimento,13620.0,Éder Gabriel Militão,Complete,33.42529,36.7,24.7,45.3,57.0
3857280,2022-12-02,Group Stage,Cameroon,2,68,5,Brazil,13620,Éder Gabriel Militão,25142.0,Bruno Guimarães Rodriguez Moura,Complete,13.509256,45.9,59.1,49.2,46.0
3857280,2022-12-02,Group Stage,Cameroon,2,68,7,Brazil,25142,Bruno Guimarães Rodriguez Moura,11493.0,Gleison Bremer Silva Nascimento,Complete,11.045361,48.6,46.0,41.2,37.8
3857280,2022-12-02,Group Stage,Cameroon,2,68,9,Brazil,11493,Gleison Bremer Silva Nascimento,4372.0,Marcos Aoás Corrêa,Complete,26.806715,41.2,37.8,41.8,11.0
3857280,2022-12-02,Group Stage,Cameroon,2,68,13,Brazil,4372,Marcos Aoás Corrêa,3247.0,Fábio Henrique Tavares,Complete,19.474342,41.8,11.0,54.8,25.5
3857280,2022-12-02,Group Stage,Cameroon,2,68,17,Brazil,3247,Fábio Henrique Tavares,25363.0,Antony Matheus dos Santos,Complete,48.016872,67.0,27.7,81.1,73.6
3857280,2022-12-02,Group Stage,Cameroon,2,68,22,Brazil,25363,Antony Matheus dos Santos,4324.0,Daniel Alves da Silva,Complete,18.62713,80.9,73.6,74.8,56.0
3857280,2022-12-02,Group Stage,Cameroon,2,68,24,Brazil,4324,Daniel Alves da Silva,25142.0,Bruno Guimarães Rodriguez Moura,Complete,5.3310413,74.8,56.0,79.7,53.9
3857280,2022-12-02,Group Stage,Cameroon,2,68,24,Brazil,25142,Bruno Guimarães Rodriguez Moura,4324.0,Daniel Alves da Silva,Complete,8.1154175,79.7,53.9,72.2,57.0
3857280,2022-12-02,Group Stage,Cameroon,2,69,45,Brazil,4324,Daniel Alves da Silva,13620.0,Éder Gabriel Militão,Complete,15.337862,40.1,69.9,31.5,57.2
3857280,2022-12-02,Group Stage,Cameroon,2,69,50,Brazil,13620,Éder Gabriel Militão,4372.0,Marcos Aoás Corrêa,Complete,38.45959,31.5,57.2,35.0,18.9
3857280,2022-12-02,Group Stage,Cameroon,2,69,53,Brazil,4372,Marcos Aoás Corrêa,29976.0,Gabriel Teodoro Martinelli Silva,Complete,33.36405,38.6,17.7,68.6,3.1
3857280,2022-12-02,Group Stage,Cameroon,2,69,56,Brazil,29976,Gabriel Teodoro Martinelli Silva,25154.0,Éverton Augusto de Barros Ribeiro,Complete,19.205208,75.3,3.6,94.3,6.4
3857280,2022-12-02,Group Stage,Cameroon,2,70,2,Brazil,25154,Éverton Augusto de Barros Ribeiro,4372.0,Marcos Aoás Corrêa,Complete,18.532675,98.9,3.9,80.4,5.0
3857280,2022-12-02,Group Stage,Cameroon,2,70,7,Brazil,4372,Marcos Aoás Corrêa,13620.0,Éder Gabriel Militão,Complete,40.944473,74.8,6.1,69.5,46.7
3857280,2022-12-02,Group Stage,Cameroon,2,70,9,Brazil,13620,Éder Gabriel Militão,4324.0,Daniel Alves da Silva,Complete,30.63658,73.7,48.3,88.9,74.9
3857280,2022-12-02,Group Stage,Cameroon,2,70,14,Brazil,4324,Daniel Alves da Silva,25142.0,Bruno Guimarães Rodriguez Moura,Complete,12.300406,87.6,63.8,98.7,58.5
3857280,2022-12-02,Group Stage,Cameroon,2,70,15,Brazil,25142,Bruno Guimarães Rodriguez Moura,25363.0,Antony Matheus dos Santos,Complete,17.799158,98.7,58.5,106.7,74.4
3857280,2022-12-02,Group Stage,Cameroon,2,70,41,Brazil,25363,Antony Matheus dos Santos,25142.0,Bruno Guimarães Rodriguez Moura,Complete,3.1780498,46.1,62.0,44.8,59.1
3857280,2022-12-02,Group Stage,Cameroon,2,70,43,Brazil,25142,Bruno Guimarães Rodriguez Moura,25305.0,Pedro Guilherme Abreu dos Santos,Complete,14.866069,50.3,54.9,64.3,49.9
3857280,2022-12-02,Group Stage,Cameroon,2,70,50,Brazil,13620,Éder Gabriel Militão,25142.0,Bruno Guimarães Rodriguez Moura,Complete,14.345034,64.0,51.4,75.7,59.7
3857280,2022-12-02,Group Stage,Cameroon,2,70,55,Brazil,25142,Bruno Guimarães Rodriguez Moura,25305.0,Pedro Guilherme Abreu dos Santos,Complete,16.230835,93.1,49.2,99.3,34.2
3857280,2022-12-02,Group Stage,Cameroon,2,71,4,Brazil,4324,Daniel Alves da Silva,25142.0,Bruno Guimarães Rodriguez Moura,Complete,10.754069,92.5,57.4,96.7,47.5
3857280,2022-12-02,Group Stage,Cameroon,2,71,4,Brazil,25142,Bruno Guimarães Rodriguez Moura,25363.0,Antony Matheus dos Santos,Complete,11.634861,96.7,47.5,97.6,59.1
3857280,2022-12-02,Group Stage,Cameroon,2,71,6,Brazil,25363,Antony Matheus dos Santos,25154.0,Éverton Augusto de Barros Ribeiro,Complete,7.922752,100.7,58.1,108.6,57.5
3857280,2022-12-02,Group Stage,Cameroon,2,71,7,Brazil,25154,Éverton Augusto de Barros Ribeiro,25363.0,Antony Matheus dos Santos,Complete,6.1846585,108.6,57.5,104.7,52.7
3857280,2022-12-02,Group Stage,Cameroon,2,71,9,Brazil,25363,Antony Matheus dos Santos,25142.0,Bruno Guimarães Rodriguez Moura,Complete,6.0,104.7,52.7,104.7,46.7
3857280,2022-12-02,Group Stage,Cameroon,2,71,9,Brazil,25142,Bruno Guimarães Rodriguez Moura,25154.0,Éverton Augusto de Barros Ribeiro,Out,13.553228,106.5,46.9,120.0,48.1
3857280,2022-12-02,Group Stage,Cameroon,2,71,47,Brazil,3247,Fábio Henrique Tavares,25363.0,Antony Matheus dos Santos,Complete,24.560131,40.9,71.1,65.3,68.3
3857280,2022-12-02,Group Stage,Cameroon,2,71,51,Brazil,25363,Antony Matheus dos Santos,25154.0,Éverton Augusto de Barros Ribeiro,Complete,13.630847,66.2,69.2,71.4,56.6
3857280,2022-12-02,Group Stage,Cameroon,2,71,55,Brazil,25154,Éverton Augusto de Barros Ribeiro,25305.0,Pedro Guilherme Abreu dos Santos,Complete,11.962023,82.5,36.9,89.5,27.2
3857280,2022-12-02,Group Stage,Cameroon,2,71,55,Brazil,25305,Pedro Guilherme Abreu dos Santos,25154.0,Éverton Augusto de Barros Ribeiro,Complete,3.8832977,88.9,28.0,85.1,28.8
3857280,2022-12-02,Group Stage,Cameroon,2,71,57,Brazil,25154,Éverton Augusto de Barros Ribeiro,29976.0,Gabriel Teodoro Martinelli Silva,Incomplete,13.395895,85.1,30.6,96.7,23.9
3857280,2022-12-02,Group Stage,Cameroon,2,72,8,Brazil,4372,Marcos Aoás Corrêa,29976.0,Gabriel Teodoro Martinelli Silva,Complete,11.049435,119.2,14.1,109.2,18.8
3857280,2022-12-02,Group Stage,Cameroon,2,72,11,Brazil,29976,Gabriel Teodoro Martinelli Silva,25142.0,Bruno Guimarães Rodriguez Moura,Complete,20.033972,109.2,18.8,98.6,35.8
3857280,2022-12-02,Group Stage,Cameroon,2,72,56,Brazil,13620,Éder Gabriel Militão,29976.0,Gabriel Teodoro Martinelli Silva,Complete,80.39316,38.9,61.3,93.4,2.2
3857280,2022-12-02,Group Stage,Cameroon,2,73,49,Brazil,25142,Bruno Guimarães Rodriguez Moura,29976.0,Gabriel Teodoro Martinelli Silva,Complete,16.03309,62.3,33.0,66.4,17.5
3857280,2022-12-02,Group Stage,Cameroon,2,73,51,Brazil,29976,Gabriel Teodoro Martinelli Silva,,,Incomplete,10.1242285,66.8,14.4,70.3,23.9
3857280,2022-12-02,Group Stage,Cameroon,2,74,43,Brazil,4324,Daniel Alves da Silva,13620.0,Éder Gabriel Militão,Complete,12.845622,27.8,64.4,20.4,53.9
3857280,2022-12-02,Group Stage,Cameroon,2,74,46,Brazil,13620,Éder Gabriel Militão,11493.0,Gleison Bremer Silva Nascimento,Complete,30.147968,20.4,53.8,27.5,24.5
3857280,2022-12-02,Group Stage,Cameroon,2,74,50,Brazil,11493,Gleison Bremer Silva Nascimento,25154.0,Éverton Augusto de Barros Ribeiro,Complete,25.739075,39.3,26.6,64.8,23.1
3857280,2022-12-02,Group Stage,Cameroon,2,74,53,Brazil,25154,Éverton Augusto de Barros Ribeiro,25305.0,Pedro Guilherme Abreu dos Santos,Complete,12.09504,73.9,26.4,80.4,36.6
3857280,2022-12-02,Group Stage,Cameroon,2,74,54,Brazil,25305,Pedro Guilherme Abreu dos Santos,25142.0,Bruno Guimarães Rodriguez Moura,Complete,11.485643,80.4,36.6,81.8,48.0
3857280,2022-12-02,Group Stage,Cameroon,2,74,56,Brazil,25142,Bruno Guimarães Rodriguez Moura,25363.0,Antony Matheus dos Santos,Complete,18.173882,86.2,50.0,99.2,62.7
3857280,2022-12-02,Group Stage,Cameroon,2,74,59,Brazil,25363,Antony Matheus dos Santos,25142.0,Bruno Guimarães Rodriguez Moura,Incomplete,6.935416,99.3,54.7,105.4,58.0
3857280,2022-12-02,Group Stage,Cameroon,2,75,35,Brazil,3247,Fábio Henrique Tavares,25363.0,Antony Matheus dos Santos,Complete,10.807867,49.2,62.5,59.2,66.6
3857280,2022-12-02,Group Stage,Cameroon,2,75,37,Brazil,25363,Antony Matheus dos Santos,3247.0,Fábio Henrique Tavares,Complete,8.80568,60.1,66.0,57.8,57.5
3857280,2022-12-02,Group Stage,Cameroon,2,75,38,Brazil,3247,Fábio Henrique Tavares,25305.0,Pedro Guilherme Abreu dos Santos,Incomplete,5.433231,57.5,58.0,62.9,58.6
3857280,2022-12-02,Group Stage,Cameroon,2,75,46,Brazil,3247,Fábio Henrique Tavares,13620.0,Éder Gabriel Militão,Complete,12.7236,62.0,65.0,50.3,60.0
3857280,2022-12-02,Group Stage,Cameroon,2,75,49,Brazil,13620,Éder Gabriel Militão,11493.0,Gleison Bremer Silva Nascimento,Complete,24.507345,50.3,60.0,39.3,38.1
3857280,2022-12-02,Group Stage,Cameroon,2,75,51,Brazil,11493,Gleison Bremer Silva Nascimento,4372.0,Marcos Aoás Corrêa,Complete,20.56502,39.2,37.8,41.8,17.4
3857280,2022-12-02,Group Stage,Cameroon,2,75,58,Brazil,4372,Marcos Aoás Corrêa,11493.0,Gleison Bremer Silva Nascimento,Complete,15.277761,47.2,14.7,44.3,29.7
3857280,2022-12-02,Group Stage,Cameroon,2,76,1,Brazil,11493,Gleison Bremer Silva Nascimento,13620.0,Éder Gabriel Militão,Complete,23.795168,45.1,34.4,51.2,57.4
3857280,2022-12-02,Group Stage,Cameroon,2,76,5,Brazil,13620,Éder Gabriel Militão,11493.0,Gleison Bremer Silva Nascimento,Complete,31.64364,63.7,64.4,45.1,38.8
3857280,2022-12-02,Group Stage,Cameroon,2,76,12,Brazil,11493,Gleison Bremer Silva Nascimento,13620.0,Éder Gabriel Militão,Complete,19.501026,54.8,43.8,55.0,63.3
3857280,2022-12-02,Group Stage,Cameroon,2,76,14,Brazil,13620,Éder Gabriel Militão,25363.0,Antony Matheus dos Santos,Complete,13.412308,61.7,71.6,74.7,74.9
3857280,2022-12-02,Group Stage,Cameroon,2,76,15,Brazil,25363,Antony Matheus dos Santos,4324.0,Daniel Alves da Silva,Complete,15.147607,74.7,74.9,70.0,60.5
3857280,2022-12-02,Group Stage,Cameroon,2,76,18,Brazil,4324,Daniel Alves da Silva,3247.0,Fábio Henrique Tavares,Complete,21.56038,70.9,59.2,63.1,39.1
3857280,2022-12-02,Group Stage,Cameroon,2,76,23,Brazil,3247,Fábio Henrique Tavares,25142.0,Bruno Guimarães Rodriguez Moura,Complete,7.4148498,79.2,30.3,86.5,31.6
3857280,2022-12-02,Group Stage,Cameroon,2,76,24,Brazil,25142,Bruno Guimarães Rodriguez Moura,3247.0,Fábio Henrique Tavares,Complete,8.864536,86.8,30.5,78.1,28.8
3857280,2022-12-02,Group Stage,Cameroon,2,76,27,Brazil,4372,Marcos Aoás Corrêa,3247.0,Fábio Henrique Tavares,Complete,12.300406,74.0,16.3,79.3,27.4
3857280,2022-12-02,Group Stage,Cameroon,2,76,28,Brazil,3247,Fábio Henrique Tavares,11493.0,Gleison Bremer Silva Nascimento,Complete,13.882723,77.9,26.7,64.7,31.0
3857280,2022-12-02,Group Stage,Cameroon,2,76,30,Brazil,11493,Gleison Bremer Silva Nascimento,4324.0,Daniel Alves da Silva,Complete,6.670832,64.7,31.0,66.2,37.5
3857280,2022-12-02,Group Stage,Cameroon,2,76,32,Brazil,4324,Daniel Alves da Silva,25142.0,Bruno Guimarães Rodriguez Moura,Complete,15.297712,72.5,34.9,85.6,42.8
3857280,2022-12-02,Group Stage,Cameroon,2,76,35,Brazil,25142,Bruno Guimarães Rodriguez Moura,25305.0,Pedro Guilherme Abreu dos Santos,Incomplete,4.5,91.1,46.7,95.6,46.7
3857280,2022-12-02,Group Stage,Cameroon,2,77,2,Brazil,25142,Bruno Guimarães Rodriguez Moura,3247.0,Fábio Henrique Tavares,Complete,8.05295,17.0,48.8,24.3,52.2
3857280,2022-12-02,Group Stage,Cameroon,2,77,6,Brazil,3247,Fábio Henrique Tavares,25363.0,Antony Matheus dos Santos,Complete,16.780048,28.1,52.7,37.5,66.6
3857280,2022-12-02,Group Stage,Cameroon,2,77,8,Brazil,25363,Antony Matheus dos Santos,4324.0,Daniel Alves da Silva,Complete,14.367324,33.4,69.5,27.5,56.4
3857280,2022-12-02,Group Stage,Cameroon,2,77,11,Brazil,4324,Daniel Alves da Silva,25154.0,Éverton Augusto de Barros Ribeiro,Complete,41.469265,27.5,58.1,66.2,73.0
3857280,2022-12-02,Group Stage,Cameroon,2,77,19,Brazil,25154,Éverton Augusto de Barros Ribeiro,25142.0,Bruno Guimarães Rodriguez Moura,Complete,20.813938,97.5,59.4,91.4,39.5
3857280,2022-12-02,Group Stage,Cameroon,2,78,0,Brazil,3067,Ederson Santana de Moraes,4372.0,Marcos Aoás Corrêa,Complete,33.30015,8.2,36.9,28.1,10.2
3857280,2022-12-02,Group Stage,Cameroon,2,78,7,Brazil,4372,Marcos Aoás Corrêa,3247.0,Fábio Henrique Tavares,Complete,14.408678,34.7,8.5,40.7,21.6
3857280,2022-12-02,Group Stage,Cameroon,2,78,10,Brazil,3247,Fábio Henrique Tavares,13620.0,Éder Gabriel Militão,Complete,22.676199,39.5,20.6,32.0,42.0
3857280,2022-12-02,Group Stage,Cameroon,2,78,13,Brazil,13620,Éder Gabriel Militão,4324.0,Daniel Alves da Silva,Complete,28.284624,36.7,42.4,44.8,69.5
3857280,2022-12-02,Group Stage,Cameroon,2,78,15,Brazil,4324,Daniel Alves da Silva,25363.0,Antony Matheus dos Santos,Complete,18.741665,43.7,71.7,62.2,74.7
3857280,2022-12-02,Group Stage,Cameroon,2,78,16,Brazil,25363,Antony Matheus dos Santos,4324.0,Daniel Alves da Silva,Incomplete,13.038404,62.2,74.7,53.6,64.9
3857280,2022-12-02,Group Stage,Cameroon,2,80,19,Brazil,11493,Gleison Bremer Silva Nascimento,25154.0,Éverton Augusto de Barros Ribeiro,Complete,14.840822,9.5,35.8,24.3,36.9
3857280,2022-12-02,Group Stage,Cameroon,2,80,21,Brazil,25154,Éverton Augusto de Barros Ribeiro,25142.0,Bruno Guimarães Rodriguez Moura,Complete,6.168468,24.3,36.9,26.1,31.0
3857280,2022-12-02,Group Stage,Cameroon,2,80,23,Brazil,25142,Bruno Guimarães Rodriguez Moura,29976.0,Gabriel Teodoro Martinelli Silva,Complete,52.623283,27.6,30.6,68.1,64.2
3857280,2022-12-02,Group Stage,Cameroon,2,81,58,Brazil,4324,Daniel Alves da Silva,,,Incomplete,24.268703,96.8,61.1,110.4,41.0
3857280,2022-12-02,Group Stage,Cameroon,2,82,3,Brazil,10595,Raphael Dias Belloli,3247.0,Fábio Henrique Tavares,Complete,25.522148,76.5,48.0,57.2,31.3
3857280,2022-12-02,Group Stage,Cameroon,2,82,6,Brazil,3247,Fábio Henrique Tavares,25142.0,Bruno Guimarães Rodriguez Moura,Complete,25.761406,57.6,31.1,74.2,11.4
3857280,2022-12-02,Group Stage,Cameroon,2,82,10,Brazil,25142,Bruno Guimarães Rodriguez Moura,3067.0,Ederson Santana de Moraes,Complete,45.750736,67.6,11.7,26.8,32.4
3857280,2022-12-02,Group Stage,Cameroon,2,82,14,Brazil,3067,Ederson Santana de Moraes,4324.0,Daniel Alves da Silva,Complete,27.602354,27.0,32.0,38.7,57.0
3857280,2022-12-02,Group Stage,Cameroon,2,82,18,Brazil,4324,Daniel Alves da Silva,25142.0,Bruno Guimarães Rodriguez Moura,Complete,12.748726,38.7,59.2,50.9,55.5
3857280,2022-12-02,Group Stage,Cameroon,2,82,49,Brazil,13620,Éder Gabriel Militão,25154.0,Éverton Augusto de Barros Ribeiro,Complete,28.4271,26.8,57.2,46.7,36.9
3857280,2022-12-02,Group Stage,Cameroon,2,82,51,Brazil,25154,Éverton Augusto de Barros Ribeiro,4372.0,Marcos Aoás Corrêa,Complete,14.11524,46.4,35.2,41.4,22.0
3857280,2022-12-02,Group Stage,Cameroon,2,82,53,Brazil,4372,Marcos Aoás Corrêa,25154.0,Éverton Augusto de Barros Ribeiro,Complete,23.829603,51.5,26.4,64.3,6.3
3857280,2022-12-02,Group Stage,Cameroon,2,82,59,Brazil,25154,Éverton Augusto de Barros Ribeiro,4372.0,Marcos Aoás Corrêa,Complete,10.417773,72.6,1.7,76.4,11.4
3857280,2022-12-02,Group Stage,Cameroon,2,83,0,Brazil,4372,Marcos Aoás Corrêa,29976.0,Gabriel Teodoro Martinelli Silva,Complete,7.33553,76.4,11.7,82.9,8.3
3857280,2022-12-02,Group Stage,Cameroon,2,83,13,Brazil,11493,Gleison Bremer Silva Nascimento,13620.0,Éder Gabriel Militão,Complete,23.775618,39.5,15.3,44.7,38.5
3857280,2022-12-02,Group Stage,Cameroon,2,83,16,Brazil,13620,Éder Gabriel Militão,4324.0,Daniel Alves da Silva,Complete,27.594383,45.7,41.0,50.9,68.1
3857280,2022-12-02,Group Stage,Cameroon,2,83,20,Brazil,4324,Daniel Alves da Silva,25142.0,Bruno Guimarães Rodriguez Moura,Complete,14.503103,56.4,63.0,61.7,49.5
3857280,2022-12-02,Group Stage,Cameroon,2,83,25,Brazil,25142,Bruno Guimarães Rodriguez Moura,10595.0,Raphael Dias Belloli,Complete,28.760042,91.8,41.7,105.1,67.2
3857280,2022-12-02,Group Stage,Cameroon,2,83,30,Brazil,10595,Raphael Dias Belloli,25142.0,Bruno Guimarães Rodriguez Moura,Complete,13.708756,118.6,57.2,114.9,44.0
3857280,2022-12-02,Group Stage,Cameroon,2,84,15,Brazil,10595,Raphael Dias Belloli,,,Incomplete,32.64016,120.0,0.1,115.3,32.4
3857280,2022-12-02,Group Stage,Cameroon,2,85,27,Brazil,4324,Daniel Alves da Silva,3067.0,Ederson Santana de Moraes,Complete,17.708755,7.8,66.3,2.2,49.5
3857280,2022-12-02,Group Stage,Cameroon,2,85,30,Brazil,3067,Ederson Santana de Moraes,4324.0,Daniel Alves da Silva,Incomplete,19.220041,3.6,54.1,19.0,65.6
3857280,2022-12-02,Group Stage,Cameroon,2,86,15,Brazil,4372,Marcos Aoás Corrêa,29976.0,Gabriel Teodoro Martinelli Silva,Complete,14.556098,21.2,0.1,35.4,3.3
3857280,2022-12-02,Group Stage,Cameroon,2,86,16,Brazil,29976,Gabriel Teodoro Martinelli Silva,25305.0,Pedro Guilherme Abreu dos Santos,Complete,14.300349,35.4,3.1,49.7,3.0
3857280,2022-12-02,Group Stage,Cameroon,2,86,18,Brazil,25305,Pedro Guilherme Abreu dos Santos,29976.0,Gabriel Teodoro Martinelli Silva,Incomplete,6.6483083,50.9,3.8,44.5,5.6
3857280,2022-12-02,Group Stage,Cameroon,2,86,22,Brazil,25142,Bruno Guimarães Rodriguez Moura,10595.0,Raphael Dias Belloli,Complete,38.053253,63.4,34.5,84.3,66.3
3857280,2022-12-02,Group Stage,Cameroon,2,86,30,Brazil,4324,Daniel Alves da Silva,29976.0,Gabriel Teodoro Martinelli Silva,Complete,42.511765,82.5,55.2,107.2,20.6
3857280,2022-12-02,Group Stage,Cameroon,2,86,34,Brazil,29976,Gabriel Teodoro Martinelli Silva,25142.0,Bruno Guimarães Rodriguez Moura,Complete,12.120231,107.2,20.6,106.5,32.7
3857280,2022-12-02,Group Stage,Cameroon,2,86,35,Brazil,25142,Bruno Guimarães Rodriguez Moura,25305.0,Pedro Guilherme Abreu dos Santos,Incomplete,11.364858,106.5,32.7,116.5,38.1
3857280,2022-12-02,Group Stage,Cameroon,2,87,7,Brazil,3067,Ederson Santana de Moraes,25142.0,Bruno Guimarães Rodriguez Moura,Complete,23.142385,16.1,37.8,39.2,39.2
3857280,2022-12-02,Group Stage,Cameroon,2,87,9,Brazil,25142,Bruno Guimarães Rodriguez Moura,25154.0,Éverton Augusto de Barros Ribeiro,Complete,14.493102,42.0,40.2,56.2,43.1
3857280,2022-12-02,Group Stage,Cameroon,2,87,11,Brazil,25154,Éverton Augusto de Barros Ribeiro,10595.0,Raphael Dias Belloli,Complete,24.771759,55.0,50.8,64.2,73.8
3857280,2022-12-02,Group Stage,Cameroon,2,87,57,Brazil,4324,Daniel Alves da Silva,25154.0,Éverton Augusto de Barros Ribeiro,Complete,11.591807,111.8,80.0,113.9,68.6
3857280,2022-12-02,Group Stage,Cameroon,2,87,58,Brazil,25154,Éverton Augusto de Barros Ribeiro,4324.0,Daniel Alves da Silva,Complete,13.0667515,112.9,68.6,102.2,76.1
3857280,2022-12-02,Group Stage,Cameroon,2,88,1,Brazil,4324,Daniel Alves da Silva,10595.0,Raphael Dias Belloli,Complete,20.611889,102.6,76.3,106.7,56.1
3857280,2022-12-02,Group Stage,Cameroon,2,88,2,Brazil,10595,Raphael Dias Belloli,25305.0,Pedro Guilherme Abreu dos Santos,Complete,13.731715,104.5,56.4,107.5,43.0
3857280,2022-12-02,Group Stage,Cameroon,2,88,38,Brazil,3067,Ederson Santana de Moraes,13620.0,Éder Gabriel Militão,Complete,18.034689,13.1,43.6,26.1,56.1
3857280,2022-12-02,Group Stage,Cameroon,2,88,41,Brazil,13620,Éder Gabriel Militão,25154.0,Éverton Augusto de Barros Ribeiro,Complete,27.504545,28.1,55.5,55.6,56.0
3857280,2022-12-02,Group Stage,Cameroon,2,88,46,Brazil,25154,Éverton Augusto de Barros Ribeiro,25305.0,Pedro Guilherme Abreu dos Santos,Complete,13.801449,86.5,50.8,100.3,51.0
3857280,2022-12-02,Group Stage,Cameroon,2,88,47,Brazil,25305,Pedro Guilherme Abreu dos Santos,25142.0,Bruno Guimarães Rodriguez Moura,Incomplete,18.574446,99.2,51.3,105.7,33.9
3857280,2022-12-02,Group Stage,Cameroon,2,89,1,Brazil,4324,Daniel Alves da Silva,10595.0,Raphael Dias Belloli,Complete,10.742439,112.3,80.0,107.9,70.2
3857280,2022-12-02,Group Stage,Cameroon,2,89,3,Brazil,10595,Raphael Dias Belloli,4324.0,Daniel Alves da Silva,Complete,9.84124,104.8,77.0,96.1,72.4
3857280,2022-12-02,Group Stage,Cameroon,2,89,5,Brazil,4324,Daniel Alves da Silva,3247.0,Fábio Henrique Tavares,Complete,7.6576757,96.2,73.0,101.2,67.2
3857280,2022-12-02,Group Stage,Cameroon,2,89,6,Brazil,3247,Fábio Henrique Tavares,10595.0,Raphael Dias Belloli,Complete,9.773945,101.2,67.2,100.0,76.9
3857280,2022-12-02,Group Stage,Cameroon,2,89,10,Brazil,10595,Raphael Dias Belloli,3247.0,Fábio Henrique Tavares,Complete,14.041723,100.0,76.9,91.4,65.8
3857280,2022-12-02,Group Stage,Cameroon,2,89,11,Brazil,3247,Fábio Henrique Tavares,10595.0,Raphael Dias Belloli,Complete,9.213577,91.4,65.8,90.9,75.0
3857280,2022-12-02,Group Stage,Cameroon,2,89,14,Brazil,10595,Raphael Dias Belloli,3247.0,Fábio Henrique Tavares,Complete,9.80051,87.8,73.0,92.5,64.4
3857280,2022-12-02,Group Stage,Cameroon,2,89,15,Brazil,3247,Fábio Henrique Tavares,4324.0,Daniel Alves da Silva,Complete,10.20049,92.5,64.4,98.7,72.5
3857280,2022-12-02,Group Stage,Cameroon,2,89,18,Brazil,4324,Daniel Alves da Silva,25305.0,Pedro Guilherme Abreu dos Santos,Incomplete,37.529324,99.3,72.8,109.2,36.6
3857280,2022-12-02,Group Stage,Cameroon,2,89,33,Brazil,3067,Ederson Santana de Moraes,11493.0,Gleison Bremer Silva Nascimento,Complete,20.109947,9.2,37.7,13.7,18.1
3857280,2022-12-02,Group Stage,Cameroon,2,89,38,Brazil,11493,Gleison Bremer Silva Nascimento,3067.0,Ederson Santana de Moraes,Complete,18.369812,16.4,20.6,9.2,37.5
3857280,2022-12-02,Group Stage,Cameroon,2,89,47,Brazil,3067,Ederson Santana de Moraes,25154.0,Éverton Augusto de Barros Ribeiro,Complete,50.30159,15.0,26.6,63.4,40.3
3857280,2022-12-02,Group Stage,Cameroon,2,89,51,Brazil,25154,Éverton Augusto de Barros Ribeiro,25142.0,Bruno Guimarães Rodriguez Moura,Complete,18.195055,64.2,40.2,75.7,26.1
3857280,2022-12-02,Group Stage,Cameroon,2,89,54,Brazil,25142,Bruno Guimarães Rodriguez Moura,29976.0,Gabriel Teodoro Martinelli Silva,Complete,18.619614,92.2,29.9,104.7,16.1
3857280,2022-12-02,Group Stage,Cameroon,2,89,59,Brazil,29976,Gabriel Teodoro Martinelli Silva,25305.0,Pedro Guilherme Abreu dos Santos,Incomplete,17.402586,116.2,21.1,115.9,38.5
3857280,2022-12-02,Group Stage,Cameroon,2,90,38,Brazil,10595,Raphael Dias Belloli,25305.0,Pedro Guilherme Abreu dos Santos,Complete,39.14537,120.0,0.1,110.6,38.1
3857280,2022-12-02,Group Stage,Cameroon,2,90,40,Brazil,25305,Pedro Guilherme Abreu dos Santos,,,Incomplete,10.241582,111.2,39.1,102.0,43.6
3857280,2022-12-02,Group Stage,Cameroon,2,91,33,Brazil,4324,Daniel Alves da Silva,25154.0,Éverton Augusto de Barros Ribeiro,Complete,12.986531,72.0,80.0,77.2,68.1
3857280,2022-12-02,Group Stage,Cameroon,2,93,25,Brazil,25305,Pedro Guilherme Abreu dos Santos,25142.0,Bruno Guimarães Rodriguez Moura,Complete,17.083618,60.0,40.0,44.7,32.4
3857280,2022-12-02,Group Stage,Cameroon,2,93,31,Brazil,25142,Bruno Guimarães Rodriguez Moura,29976.0,Gabriel Teodoro Martinelli Silva,Complete,43.724823,46.5,31.9,80.0,3.8
3857280,2022-12-02,Group Stage,Cameroon,2,93,36,Brazil,29976,Gabriel Teodoro Martinelli Silva,3247.0,Fábio Henrique Tavares,Complete,20.695894,84.5,3.1,68.9,16.7
3857280,2022-12-02,Group Stage,Cameroon,2,93,39,Brazil,3247,Fábio Henrique Tavares,4324.0,Daniel Alves da Silva,Complete,26.916351,69.3,16.7,66.8,43.5
3857280,2022-12-02,Group Stage,Cameroon,2,93,42,Brazil,4324,Daniel Alves da Silva,25142.0,Bruno Guimarães Rodriguez Moura,Complete,10.599056,71.4,37.8,81.7,40.3
3857280,2022-12-02,Group Stage,Cameroon,2,93,44,Brazil,25142,Bruno Guimarães Rodriguez Moura,10595.0,Raphael Dias Belloli,Complete,33.740925,83.1,43.1,95.7,74.4
3857280,2022-12-02,Group Stage,Cameroon,2,93,47,Brazil,10595,Raphael Dias Belloli,25154.0,Éverton Augusto de Barros Ribeiro,Incomplete,26.30076,96.2,74.2,106.5,50.0
3857280,2022-12-02,Group Stage,Cameroon,2,94,35,Brazil,4324,Daniel Alves da Silva,13620.0,Éder Gabriel Militão,Complete,13.1217375,43.1,69.9,39.8,57.2
3857280,2022-12-02,Group Stage,Cameroon,2,94,37,Brazil,13620,Éder Gabriel Militão,11493.0,Gleison Bremer Silva Nascimento,Complete,15.428869,39.5,57.4,32.6,43.6
3857280,2022-12-02,Group Stage,Cameroon,2,94,40,Brazil,11493,Gleison Bremer Silva Nascimento,4372.0,Marcos Aoás Corrêa,Complete,19.723083,24.8,37.0,27.0,17.4
3857280,2022-12-02,Group Stage,Cameroon,2,94,43,Brazil,4372,Marcos Aoás Corrêa,3247.0,Fábio Henrique Tavares,Complete,20.906698,23.1,19.4,30.1,39.1
3857280,2022-12-02,Group Stage,Cameroon,2,94,47,Brazil,3247,Fábio Henrique Tavares,4324.0,Daniel Alves da Silva,Complete,36.749557,34.8,37.8,55.0,68.5
3857280,2022-12-02,Group Stage,Cameroon,2,94,50,Brazil,4324,Daniel Alves da Silva,10595.0,Raphael Dias Belloli,Complete,14.766516,66.4,73.6,81.1,75.0
3857280,2022-12-02,Group Stage,Cameroon,2,95,1,Brazil,4324,Daniel Alves da Silva,25142.0,Bruno Guimarães Rodriguez Moura,Complete,13.409325,92.9,80.0,93.4,66.6
3857280,2022-12-02,Group Stage,Cameroon,2,95,2,Brazil,25142,Bruno Guimarães Rodriguez Moura,4324.0,Daniel Alves da Silva,Complete,9.542537,93.4,66.6,92.5,76.1
3857280,2022-12-02,Group Stage,Cameroon,2,95,3,Brazil,4324,Daniel Alves da Silva,13620.0,Éder Gabriel Militão,Complete,32.614876,92.5,76.1,68.7,53.8
3857280,2022-12-02,Group Stage,Cameroon,2,95,10,Brazil,13620,Éder Gabriel Militão,3247.0,Fábio Henrique Tavares,Complete,15.487091,68.9,53.5,77.0,40.3
3857280,2022-12-02,Group Stage,Cameroon,2,95,13,Brazil,3247,Fábio Henrique Tavares,29976.0,Gabriel Teodoro Martinelli Silva,Complete,31.237158,80.6,31.6,95.6,4.2
3857280,2022-12-02,Group Stage,Cameroon,2,95,19,Brazil,29976,Gabriel Teodoro Martinelli Silva,25305.0,Pedro Guilherme Abreu dos Santos,Complete,22.400892,97.6,18.1,108.8,37.5
3857280,2022-12-02,Group Stage,Cameroon,2,95,58,Brazil,3247,Fábio Henrique Tavares,25305.0,Pedro Guilherme Abreu dos Santos,Complete,14.001429,59.8,63.3,69.8,53.5
3857280,2022-12-02,Group Stage,Cameroon,2,96,0,Brazil,25305,Pedro Guilherme Abreu dos Santos,4372.0,Marcos Aoás Corrêa,Complete,19.864794,68.6,49.2,59.2,31.7
3857280,2022-12-02,Group Stage,Cameroon,2,96,6,Brazil,4372,Marcos Aoás Corrêa,29976.0,Gabriel Teodoro Martinelli Silva,Complete,22.474207,80.3,22.2,95.0,5.2
3857280,2022-12-02,Group Stage,Cameroon,2,96,12,Brazil,29976,Gabriel Teodoro Martinelli Silva,4372.0,Marcos Aoás Corrêa,Complete,13.737904,96.4,18.3,108.1,11.1
3857280,2022-12-02,Group Stage,Cameroon,2,96,14,Brazil,4372,Marcos Aoás Corrêa,25142.0,Bruno Guimarães Rodriguez Moura,Complete,29.098625,108.1,11.1,112.9,39.8
3857280,2022-12-02,Group Stage,Cameroon,2,96,45,Brazil,11493,Gleison Bremer Silva Nascimento,3247.0,Fábio Henrique Tavares,Complete,9.265528,43.4,29.2,52.6,30.3
3857280,2022-12-02,Group Stage,Cameroon,2,96,48,Brazil,3247,Fábio Henrique Tavares,4372.0,Marcos Aoás Corrêa,Complete,27.373892,57.5,30.5,69.3,5.8
3857280,2022-12-02,Group Stage,Cameroon,2,96,51,Brazil,4372,Marcos Aoás Corrêa,29976.0,Gabriel Teodoro Martinelli Silva,Complete,16.200308,75.7,4.2,91.8,2.4
3857280,2022-12-02,Group Stage,Cameroon,2,96,58,Brazil,29976,Gabriel Teodoro Martinelli Silva,4372.0,Marcos Aoás Corrêa,Complete,15.153877,96.8,20.6,102.6,6.6
3857280,2022-12-02,Group Stage,Cameroon,2,97,0,Brazil,4372,Marcos Aoás Corrêa,3247.0,Fábio Henrique Tavares,Complete,12.24949,100.6,10.0,88.4,11.1
3857280,2022-12-02,Group Stage,Cameroon,2,97,2,Brazil,3247,Fábio Henrique Tavares,13620.0,Éder Gabriel Militão,Complete,18.893915,87.6,11.1,82.9,29.4
3857280,2022-12-02,Group Stage,Cameroon,2,97,4,Brazil,13620,Éder Gabriel Militão,4324.0,Daniel Alves da Silva,Complete,35.208664,80.6,38.9,98.7,69.1
3857280,2022-12-02,Group Stage,Cameroon,2,97,7,Brazil,4324,Daniel Alves da Silva,4372.0,Marcos Aoás Corrêa,Complete,44.215946,104.8,71.4,115.9,28.6
3857280,2022-12-02,Group Stage,Cameroon,2,97,10,Brazil,4372,Marcos Aoás Corrêa,29976.0,Gabriel Teodoro Martinelli Silva,Complete,7.4431176,115.9,28.6,115.1,36.0
3857280,2022-12-02,Group Stage,Cameroon,2,97,59,Brazil,4324,Daniel Alves da Silva,3247.0,Fábio Henrique Tavares,Complete,29.92925,41.4,80.0,34.0,51.0
3857280,2022-12-02,Group Stage,Cameroon,2,98,3,Brazil,3247,Fábio Henrique Tavares,4372.0,Marcos Aoás Corrêa,Complete,43.12076,40.0,45.5,62.8,8.9
3857280,2022-12-02,Group Stage,Cameroon,2,98,7,Brazil,4372,Marcos Aoás Corrêa,29976.0,Gabriel Teodoro Martinelli Silva,Complete,12.928264,73.4,8.5,85.1,3.0
3857280,2022-12-02,Group Stage,Cameroon,2,98,13,Brazil,29976,Gabriel Teodoro Martinelli Silva,25154.0,Éverton Augusto de Barros Ribeiro,Complete,15.276452,90.4,17.4,104.8,22.5
3857280,2022-12-02,Group Stage,Cameroon,2,98,14,Brazil,25154,Éverton Augusto de Barros Ribeiro,4372.0,Marcos Aoás Corrêa,Complete,7.9075913,105.1,22.7,100.9,16.0
3857280,2022-12-02,Group Stage,Cameroon,2,98,15,Brazil,4372,Marcos Aoás Corrêa,25142.0,Bruno Guimarães Rodriguez Moura,Complete,9.037699,100.7,15.0,92.5,18.8
3857280,2022-12-02,Group Stage,Cameroon,2,98,17,Brazil,25142,Bruno Guimarães Rodriguez Moura,10595.0,Raphael Dias Belloli,Incomplete,23.876766,96.2,19.5,108.1,40.2
3857280,2022-12-02,Group Stage,Cameroon,2,98,21,Brazil,13620,Éder Gabriel Militão,4324.0,Daniel Alves da Silva,Complete,26.286499,87.5,53.9,104.2,74.2
3857280,2022-12-02,Group Stage,Cameroon,2,98,24,Brazil,4324,Daniel Alves da Silva,29976.0,Gabriel Teodoro Martinelli Silva,Incomplete,47.46588,106.7,74.1,109.2,26.7
3857280,2022-12-02,Group Stage,Cameroon,2,98,28,Brazil,4372,Marcos Aoás Corrêa,25142.0,Bruno Guimarães Rodriguez Moura,Complete,4.763402,110.4,38.3,114.1,35.3
3857280,2022-12-02,Group Stage,Cameroon,2,99,22,Brazil,4324,Daniel Alves da Silva,3247.0,Fábio Henrique Tavares,Complete,25.962473,34.0,80.0,31.1,54.2
3857280,2022-12-02,Group Stage,Cameroon,2,99,24,Brazil,3247,Fábio Henrique Tavares,4372.0,Marcos Aoás Corrêa,Complete,37.316216,32.2,54.1,44.3,18.8
3857280,2022-12-02,Group Stage,Cameroon,2,99,30,Brazil,4372,Marcos Aoás Corrêa,29976.0,Gabriel Teodoro Martinelli Silva,Complete,20.321417,70.0,23.9,82.0,7.5
